LoanID,Age,EmploymentType,EmploymentYears,City,MonthlyIncome,LoanAmount,LoanPurpose,LoanTenureMonths,InterestRate,ExistingLoans,CreditScore,LoanToIncomeRatio,Default
LN100001,44,Salaried,24,Rural,153248,1049573,Home,84,20.78,2,378,0.571,1
LN100002,52,Business Owner,26,Tier-2,195994,3346536,Personal,120,8.69,3,867,1.423,0
LN100003,41,Self-Employed,25,Tier-1,136273,1923112,Medical,84,9.9,0,875,1.176,0
LN100004,41,Self-Employed,3,Metro,71144,2949889,Vehicle,84,7.46,0,885,3.455,0
LN100005,64,Salaried,29,Rural,185387,3305571,Home,120,13.18,2,720,1.486,0
LN100006,58,Salaried,5,Tier-2,136355,3506032,Personal,60,20.38,3,513,2.143,1
LN100007,45,Self-Employed,0,Metro,113675,4119099,Medical,84,7.21,2,752,3.02,0
LN100008,52,Salaried,10,Tier-1,83430,656068,Business,120,14.44,0,594,0.655,0
LN100009,53,Business Owner,12,Tier-2,150429,3018046,Home,12,16.68,2,519,1.672,0
LN100010,60,Self-Employed,25,Tier-1,138528,4251577,Personal,84,16.59,2,359,2.558,0
LN100011,40,Salaried,15,Tier-1,155516,3750816,Vehicle,84,12.49,4,676,2.01,0
LN100012,53,Salaried,19,Tier-1,198472,2067535,Education,24,21.43,0,362,0.868,1
LN100013,57,Salaried,22,Tier-2,34097,1467513,Personal,84,16.51,0,476,3.587,1
LN100014,57,Business Owner,0,Tier-2,20805,4210045,Business,36,15.47,0,302,16.863,1
LN100015,35,Salaried,20,Metro,107994,463465,Education,60,12.07,0,727,0.358,0
LN100016,36,Salaried,6,Tier-1,58423,3093395,Personal,36,15.28,4,403,4.412,1
LN100017,31,Self-Employed,19,Tier-1,83538,4298820,Education,120,15.16,1,309,4.288,1
LN100018,28,Business Owner,29,Metro,122865,3532089,Education,24,15.86,4,516,2.396,1
LN100019,56,Self-Employed,9,Tier-2,158883,1671167,Vehicle,12,19.46,1,319,0.877,1
LN100020,22,Salaried,14,Tier-1,111197,3491497,Education,84,8.71,1,789,2.617,0
LN100021,32,Salaried,25,Metro,195115,2377159,Personal,120,10.39,4,652,1.015,0
LN100022,38,Self-Employed,29,Tier-1,171086,4289557,Medical,12,8.54,3,821,2.089,1
LN100023,27,Self-Employed,4,Tier-2,116728,3247803,Medical,24,17.44,0,626,2.319,0
LN100024,41,Business Owner,1,Metro,102378,4046478,Education,24,10.98,1,719,3.294,1
LN100025,58,Salaried,4,Metro,32518,1366225,Business,48,15.51,1,369,3.501,0
LN100026,54,Salaried,6,Metro,178933,2097940,Education,12,12.35,3,696,0.977,0
LN100027,61,Self-Employed,7,Metro,187017,4482805,Home,84,13.37,0,691,1.998,0
LN100028,22,Salaried,5,Rural,137688,3396036,Personal,48,20.09,3,482,2.055,0
LN100029,63,Business Owner,18,Tier-1,162360,3734315,Personal,12,18.42,1,485,1.917,0
LN100030,25,Salaried,15,Tier-2,139678,342125,Business,84,19.06,2,509,0.204,0
LN100031,50,Self-Employed,29,Metro,161875,3059292,Education,36,21.01,4,509,1.575,0
LN100032,62,Self-Employed,16,Rural,187458,500216,Vehicle,24,8.97,3,791,0.222,0
LN100033,49,Self-Employed,16,Tier-2,25313,829590,Medical,48,21.04,0,640,2.731,0
LN100034,21,Salaried,23,Rural,107405,1101725,Home,12,7.23,2,896,0.855,0
LN100035,49,Salaried,10,Tier-2,36991,3147885,Home,84,20.11,2,344,7.092,0
LN100036,61,Unemployed,9,Tier-1,68048,2289784,Home,60,16.1,4,613,2.804,0
LN100037,46,Self-Employed,23,Tier-2,177606,1561840,Personal,60,9.82,2,895,0.733,0
LN100038,58,Salaried,8,Tier-1,127045,4402625,Business,48,19.8,3,461,2.888,0
LN100039,32,Business Owner,7,Metro,108005,200696,Education,120,18.88,0,617,0.155,0
LN100040,24,Self-Employed,18,Rural,45192,3296449,Medical,12,20.46,1,523,6.079,0
LN100041,39,Self-Employed,20,Metro,155218,2550047,Vehicle,48,21.64,2,449,1.369,1
LN100042,57,Business Owner,0,Metro,79312,609786,Education,36,8.06,0,894,0.641,0
LN100043,42,Salaried,6,Tier-2,183229,674830,Business,120,21.83,1,544,0.307,0
LN100044,43,Salaried,12,Metro,132955,3758681,Business,36,19.69,0,309,2.356,0
LN100045,35,Salaried,17,Metro,118044,1755846,Education,24,20.43,2,580,1.24,1
LN100046,58,Salaried,27,Tier-2,181147,2374430,Business,120,21.82,2,596,1.092,1
LN100047,47,Self-Employed,27,Metro,159954,2397573,Vehicle,120,10.07,1,708,1.249,0
LN100048,38,Self-Employed,18,Tier-2,192662,3856770,Education,84,10.5,2,663,1.668,0
LN100049,55,Salaried,15,Rural,56946,2251087,Personal,24,21.06,2,371,3.294,1
LN100050,46,Salaried,18,Tier-1,97362,736317,Education,48,8.32,4,825,0.63,0
LN100051,25,Business Owner,2,Tier-2,162996,3329463,Education,12,16.57,3,496,1.702,1
LN100052,56,Self-Employed,22,Tier-1,120502,3861944,Business,36,17.64,0,321,2.671,1
LN100053,30,Self-Employed,15,Metro,153046,2499901,Medical,12,8.04,4,836,1.361,1
LN100054,45,Self-Employed,3,Tier-1,96395,3484635,Vehicle,120,20.02,4,360,3.012,1
LN100055,39,Salaried,28,Tier-1,191613,704140,Vehicle,12,8.43,3,876,0.306,0
LN100056,53,Self-Employed,11,Rural,186594,4087196,Vehicle,12,10.35,2,727,1.825,0
LN100057,28,Self-Employed,15,Metro,165517,1416107,Education,60,18.1,0,433,0.713,0
LN100058,42,Salaried,20,Tier-1,186756,3530153,Medical,48,19.26,1,567,1.575,1
LN100059,40,Business Owner,0,Tier-1,144752,1770510,Home,36,21.96,3,609,1.019,0
LN100060,64,Self-Employed,15,Tier-1,92813,2126023,Business,48,16.48,3,446,1.909,1
LN100061,48,Business Owner,13,Tier-1,196236,652384,Education,120,7.68,2,874,0.277,0
LN100062,23,Salaried,25,Tier-1,156763,4510682,Education,120,21.77,2,522,2.398,0
LN100063,27,Salaried,27,Tier-1,104872,166047,Personal,12,20.15,0,302,0.132,0
LN100064,35,Salaried,2,Metro,168336,3569203,Personal,48,10.65,3,740,1.767,0
LN100065,28,Self-Employed,6,Tier-2,62840,3871045,Vehicle,12,13.02,1,706,5.133,0
LN100066,27,Salaried,15,Tier-1,91019,818881,Education,48,16.03,1,399,0.75,1
LN100067,55,Salaried,14,Tier-2,180193,1656384,Personal,84,11.05,0,722,0.766,1
LN100068,51,Salaried,22,Metro,99094,328954,Vehicle,24,21.16,2,416,0.277,0
LN100069,64,Self-Employed,21,Metro,121772,4399285,Vehicle,60,7.1,4,843,3.011,0
LN100070,48,Business Owner,17,Tier-2,133729,4080071,Personal,120,20.56,0,471,2.542,0
LN100071,23,Business Owner,4,Metro,59277,1014028,Business,60,20.3,2,600,1.426,0
LN100072,44,Salaried,4,Tier-2,195277,3057954,Personal,120,7.17,2,780,1.305,0
LN100073,52,Business Owner,1,Tier-2,116803,4241628,Education,24,10.26,4,677,3.026,0
LN100074,54,Self-Employed,4,Tier-2,101896,3658305,Education,48,11.12,3,652,2.992,0
LN100075,22,Salaried,20,Metro,166943,2289268,Education,12,16.42,1,412,1.143,0
LN100076,55,Salaried,6,Tier-2,117326,4641770,Home,48,18.19,3,567,3.297,1
LN100077,59,Salaried,18,Tier-1,133132,3793530,Personal,60,13.41,3,714,2.375,0
LN100078,46,Business Owner,27,Tier-2,78718,563014,Vehicle,84,7.51,0,886,0.596,0
LN100079,33,Salaried,14,Metro,107927,4253380,Vehicle,120,19.31,2,436,3.284,1
LN100080,32,Self-Employed,16,Rural,170812,4542575,Medical,84,19.46,3,594,2.216,1
LN100081,21,Self-Employed,21,Tier-1,191905,4202647,Business,120,7.39,1,869,1.825,0
LN100082,23,Salaried,0,Metro,16586,767449,Medical,36,15.77,4,456,3.856,0
LN100083,27,Salaried,11,Tier-2,41436,345721,Business,36,14.11,0,610,0.695,0
LN100084,43,Unemployed,29,Tier-2,113277,3982765,Home,12,15.86,1,421,2.93,1
LN100085,40,Salaried,13,Tier-2,164015,2004283,Business,24,20.79,4,329,1.018,1
LN100086,25,Salaried,0,Metro,150003,2199110,Education,60,7.47,2,751,1.222,1
LN100087,60,Business Owner,29,Rural,52887,3120171,Home,36,8.83,3,893,4.916,1
LN100088,36,Salaried,1,Tier-2,190025,768020,Medical,48,20.09,3,524,0.337,1
LN100089,59,Self-Employed,6,Tier-2,31037,3974596,Education,24,8.34,1,864,10.672,0
LN100090,59,Salaried,12,Tier-1,58913,3924673,Personal,60,14.39,4,506,5.552,1
LN100091,59,Salaried,18,Metro,135748,2075513,Home,12,11.95,0,696,1.274,0
LN100092,64,Salaried,0,Tier-2,198220,1525193,Medical,12,21.39,0,366,0.641,0
LN100093,29,Business Owner,12,Metro,54878,3606140,Medical,84,14.36,0,516,5.476,1
LN100094,63,Self-Employed,2,Metro,95193,1966906,Education,24,17.54,4,361,1.722,1
LN100095,49,Salaried,16,Metro,198757,3231056,Education,60,20.03,1,436,1.355,0
LN100096,25,Salaried,16,Tier-2,145525,1640234,Education,36,10.59,0,675,0.939,1
LN100097,39,Salaried,13,Tier-1,90040,1483134,Business,12,14.98,2,508,1.373,0
LN100098,37,Salaried,7,Metro,166016,1007526,Education,60,10.85,1,671,0.506,0
LN100099,48,Self-Employed,20,Rural,45494,715789,Home,48,19.83,4,598,1.311,1
LN100100,46,Salaried,0,Tier-1,176609,2478105,Home,36,8.21,2,824,1.169,0
LN100101,60,Self-Employed,25,Tier-2,84362,2755514,Home,12,19.42,2,519,2.722,1
LN100102,41,Business Owner,8,Tier-1,47753,3779036,Education,84,7.69,4,874,6.595,0
LN100103,44,Self-Employed,28,Tier-1,131965,1332768,Education,120,8.71,2,871,0.842,1
LN100104,44,Unemployed,4,Rural,92456,2529305,Business,48,18.42,0,546,2.28,0
LN100105,57,Self-Employed,0,Tier-2,167199,1317730,Home,60,14.65,2,472,0.657,0
LN100106,21,Self-Employed,17,Tier-2,136602,3050897,Medical,120,20.71,1,582,1.861,0
LN100107,30,Salaried,15,Tier-2,93710,3646245,Education,60,19.22,0,483,3.242,1
LN100108,36,Salaried,27,Tier-1,89159,2046258,Vehicle,60,19.42,2,331,1.913,1
LN100109,49,Salaried,4,Tier-2,61495,2184566,Education,120,21.51,3,648,2.96,0
LN100110,22,Self-Employed,7,Metro,27468,1364957,Home,36,14.32,0,461,4.141,0
LN100111,40,Salaried,6,Tier-1,151673,263238,Education,36,7.44,0,858,0.145,0
LN100112,40,Self-Employed,15,Metro,195254,2803028,Education,60,9.2,2,873,1.196,0
LN100113,28,Self-Employed,23,Tier-1,132010,2949240,Education,24,18.15,4,440,1.862,1
LN100114,29,Salaried,18,Tier-1,46741,2124650,Education,24,19.63,0,309,3.788,0
LN100115,48,Salaried,16,Tier-1,27529,4135485,Home,36,16.83,0,426,12.519,0
LN100116,25,Business Owner,13,Tier-2,74606,4200883,Education,84,16.44,1,611,4.692,0
LN100117,55,Salaried,14,Tier-1,45689,3638443,Personal,36,14.46,4,301,6.636,0
LN100118,38,Self-Employed,8,Tier-2,122319,2423964,Home,24,20.2,4,556,1.651,0
LN100119,39,Self-Employed,1,Tier-2,155522,2358220,Home,120,17.28,0,515,1.264,0
LN100120,50,Salaried,0,Tier-2,49194,3321251,Medical,48,7.42,4,840,5.626,0
LN100121,53,Self-Employed,26,Tier-2,22135,2413502,Vehicle,24,21.8,3,310,9.086,1
LN100122,55,Salaried,10,Metro,45225,4409140,Medical,60,16.45,2,344,8.124,1
LN100123,46,Self-Employed,1,Metro,172396,2052148,Personal,12,17.26,0,607,0.992,0
LN100124,28,Salaried,13,Tier-2,129069,220924,Medical,12,8.88,0,897,0.143,1
LN100125,57,Business Owner,3,Tier-2,145499,1443712,Medical,48,13.92,3,687,0.827,0
LN100126,21,Self-Employed,5,Metro,78900,2684755,Medical,120,7.13,0,821,2.836,0
LN100127,60,Salaried,3,Rural,30343,2841117,Home,120,14.89,2,509,7.803,1
LN100128,27,Self-Employed,25,Rural,198747,913368,Vehicle,12,18.61,1,521,0.383,1
LN100129,51,Salaried,12,Tier-1,37424,433520,Personal,48,20.36,4,432,0.965,1
LN100130,31,Self-Employed,1,Tier-1,190511,4852262,Vehicle,84,16.65,0,583,2.122,0
LN100131,51,Business Owner,21,Tier-2,21047,1219749,Home,60,19.63,4,540,4.829,1
LN100132,48,Salaried,20,Tier-2,56056,4486677,Business,24,8.52,4,897,6.67,0
LN100133,50,Salaried,4,Metro,98264,3229507,Medical,60,15.4,4,514,2.739,0
LN100134,54,Salaried,20,Tier-2,89623,4287031,Home,24,11.23,3,738,3.986,0
LN100135,27,Salaried,21,Metro,122350,2173932,Education,48,7.41,3,800,1.481,0
LN100136,38,Salaried,4,Tier-2,103468,3391246,Business,48,9.46,1,819,2.731,0
LN100137,54,Self-Employed,22,Tier-2,40030,3181126,Medical,48,19.27,3,469,6.622,1
LN100138,48,Self-Employed,19,Metro,168123,3292857,Business,36,14.57,2,615,1.632,0
LN100139,38,Salaried,14,Tier-2,198579,2975732,Vehicle,48,15.56,1,399,1.249,1
LN100140,25,Unemployed,6,Tier-1,19820,1652778,Business,36,7.95,0,824,6.949,0
LN100141,35,Salaried,22,Metro,28114,2751124,Personal,12,13.19,3,749,8.155,0
LN100142,45,Salaried,18,Metro,110669,4990485,Vehicle,24,9.02,3,803,3.758,0
LN100143,24,Unemployed,17,Tier-1,54829,4066373,Vehicle,84,14.94,3,648,6.18,0
LN100144,51,Salaried,16,Tier-2,124894,4901812,Medical,84,10.08,4,744,3.271,0
LN100145,32,Salaried,2,Metro,108628,2544959,Personal,120,8.5,3,897,1.952,1
LN100146,56,Salaried,5,Rural,161604,4258999,Business,60,20.62,4,636,2.196,0
LN100147,63,Salaried,13,Tier-2,35407,4344053,Education,24,8.67,1,814,10.224,0
LN100148,53,Self-Employed,5,Tier-1,20555,1681154,Business,36,16.42,0,569,6.816,0
LN100149,50,Salaried,21,Tier-1,76336,3164139,Education,84,7.9,3,824,3.454,0
LN100150,49,Self-Employed,20,Metro,44984,1273927,Education,60,14.36,0,647,2.36,0
LN100151,60,Salaried,15,Rural,58888,4185238,Business,84,10.76,1,681,5.923,0
LN100152,31,Self-Employed,15,Tier-2,157334,398892,Personal,120,12.61,3,711,0.211,0
LN100153,55,Salaried,27,Tier-2,144048,1573321,Business,84,17.97,4,533,0.91,1
LN100154,53,Salaried,4,Tier-2,180813,2704808,Business,36,9.34,0,806,1.247,0
LN100155,32,Salaried,5,Tier-2,96183,1056861,Vehicle,24,9.75,1,837,0.916,0
LN100156,48,Self-Employed,10,Tier-1,138871,140324,Medical,36,13.42,4,739,0.084,0
LN100157,62,Unemployed,29,Tier-2,106039,4656079,Medical,48,18.42,0,567,3.659,0
LN100158,46,Self-Employed,4,Tier-2,40421,4310135,Medical,12,18.19,3,450,8.886,1
LN100159,27,Salaried,26,Tier-2,192631,4402465,Home,24,18.37,3,587,1.905,0
LN100160,26,Self-Employed,8,Tier-2,60166,882255,Medical,48,20.7,4,308,1.222,0
LN100161,21,Salaried,2,Tier-2,191731,4181178,Home,84,7.72,2,774,1.817,0
LN100162,55,Self-Employed,8,Rural,37495,4115798,Vehicle,24,7.71,1,856,9.147,1
LN100163,40,Self-Employed,16,Tier-1,55960,3716647,Personal,36,19.05,3,575,5.535,1
LN100164,42,Salaried,18,Metro,61949,2309757,Medical,84,13.68,3,688,3.107,0
LN100165,24,Salaried,5,Metro,125230,4224516,Medical,120,15.07,3,326,2.811,1
LN100166,47,Self-Employed,4,Tier-2,15017,1845135,Medical,36,20.51,4,428,10.239,1
LN100167,43,Salaried,7,Tier-2,169184,3178113,Medical,120,9.99,0,874,1.565,0
LN100168,24,Salaried,21,Tier-1,29011,477740,Home,48,18.86,3,488,1.372,0
LN100169,52,Self-Employed,28,Tier-2,42522,3841330,Home,12,13.97,3,693,7.528,1
LN100170,47,Salaried,16,Rural,88657,278707,Vehicle,48,7.74,1,843,0.262,0
LN100171,59,Salaried,17,Metro,143382,2829844,Home,60,12.62,2,671,1.645,0
LN100172,63,Salaried,15,Tier-2,118304,3013349,Business,84,21.91,0,435,2.123,1
LN100173,30,Salaried,9,Tier-2,194358,3419635,Business,12,9.17,3,856,1.466,0
LN100174,49,Salaried,21,Metro,184056,4983216,Medical,120,8.75,1,878,2.256,0
LN100175,23,Salaried,26,Metro,186957,1650783,Medical,120,18.38,1,550,0.736,0
LN100176,57,Business Owner,19,Metro,25694,4360402,Education,48,19.4,1,596,14.142,0
LN100177,54,Self-Employed,16,Tier-2,198102,4958624,Education,84,9.66,1,813,2.086,0
LN100178,35,Salaried,9,Metro,184684,4670893,Home,36,14.62,0,395,2.108,0
LN100179,36,Salaried,21,Tier-2,178911,4317425,Education,12,12.99,0,714,2.011,1
LN100180,52,Unemployed,7,Rural,19085,520983,Business,60,14.77,0,406,2.275,1
LN100181,27,Salaried,5,Tier-2,70329,4486144,Home,24,13.62,4,680,5.316,0
LN100182,54,Salaried,1,Rural,18253,4212198,Business,60,19.42,3,620,19.231,0
LN100183,33,Salaried,21,Tier-1,90193,4156602,Home,24,12.02,1,666,3.84,0
LN100184,62,Salaried,1,Metro,159754,997570,Medical,84,19.93,0,305,0.52,0
LN100185,29,Salaried,6,Tier-2,146136,2955305,Vehicle,84,8.23,0,879,1.685,0
LN100186,52,Self-Employed,14,Metro,142757,3922925,Vehicle,48,9.6,2,793,2.29,0
LN100187,59,Business Owner,21,Tier-2,124133,4100220,Personal,60,16.49,2,503,2.753,1
LN100188,30,Business Owner,2,Metro,141077,333069,Home,60,13.2,1,658,0.197,0
LN100189,61,Business Owner,1,Tier-1,199706,1794813,Home,48,13.9,4,709,0.749,0
LN100190,61,Business Owner,11,Tier-2,138711,1235318,Business,24,8.03,1,757,0.742,0
LN100191,23,Salaried,3,Tier-1,161832,1226320,Vehicle,12,14.03,3,494,0.631,1
LN100192,21,Salaried,12,Tier-1,166985,4258448,Personal,24,18.71,3,515,2.125,1
LN100193,30,Salaried,27,Rural,17131,2808957,Personal,24,8.26,2,836,13.664,0
LN100194,50,Salaried,19,Tier-1,68704,3672651,Vehicle,24,16.53,2,534,4.455,1
LN100195,63,Salaried,17,Metro,42103,4414123,Business,84,13.44,2,747,8.737,0
LN100196,28,Salaried,9,Rural,71831,1008544,Medical,24,17.45,2,400,1.17,0
LN100197,32,Unemployed,8,Tier-1,114932,1496827,Education,120,9.56,3,775,1.085,0
LN100198,21,Business Owner,22,Metro,61409,1167554,Education,120,19.44,3,376,1.584,1
LN100199,55,Self-Employed,26,Metro,96139,4228429,Vehicle,120,15.92,0,322,3.665,0
LN100200,43,Self-Employed,13,Rural,149071,791622,Personal,12,18.85,1,622,0.443,0
LN100201,35,Salaried,5,Metro,73952,2186046,Personal,36,20.45,2,573,2.463,0
LN100202,33,Self-Employed,21,Tier-2,72482,2338898,Vehicle,84,21.88,2,616,2.689,1
LN100203,31,Self-Employed,3,Metro,30077,2509166,Personal,120,10.69,0,653,6.952,0
LN100204,48,Salaried,1,Tier-2,54812,1795188,Vehicle,24,19.81,3,576,2.729,0
LN100205,38,Unemployed,3,Tier-2,130499,4153086,Personal,48,16.3,4,646,2.652,1
LN100206,37,Salaried,3,Tier-2,137078,1527298,Vehicle,120,14.31,0,559,0.928,0
LN100207,64,Self-Employed,17,Tier-1,162248,1497692,Personal,84,8.38,3,808,0.769,1
LN100208,39,Salaried,11,Tier-1,56324,129873,Business,60,7.54,4,806,0.192,0
LN100209,31,Salaried,4,Rural,51910,153582,Vehicle,84,21.86,4,491,0.247,0
LN100210,41,Self-Employed,11,Metro,49960,4158473,Personal,60,8.78,3,781,6.936,1
LN100211,37,Business Owner,1,Rural,19379,1600971,Business,120,19.74,2,431,6.884,0
LN100212,45,Self-Employed,7,Tier-1,37270,768610,Home,12,18.16,1,627,1.719,0
LN100213,30,Business Owner,15,Tier-1,136358,4726498,Personal,60,15.92,3,466,2.889,1
LN100214,49,Salaried,4,Metro,176784,4351271,Personal,48,15.87,0,443,2.051,1
LN100215,51,Self-Employed,0,Metro,196311,4381947,Vehicle,48,13.38,2,735,1.86,0
LN100216,22,Unemployed,5,Tier-2,184027,3783555,Personal,60,17.27,4,602,1.713,1
LN100217,63,Unemployed,23,Tier-1,70533,4649080,Personal,48,17.35,1,641,5.493,1
LN100218,24,Salaried,3,Tier-2,126045,135455,Vehicle,36,13.98,2,655,0.09,0
LN100219,56,Salaried,27,Tier-2,178890,734990,Medical,24,15.78,2,563,0.342,0
LN100220,31,Business Owner,27,Metro,15350,1414999,Education,84,8.74,2,828,7.682,0
LN100221,31,Salaried,3,Rural,136836,3365686,Home,84,15.38,2,353,2.05,1
LN100222,39,Salaried,4,Tier-2,142904,3277465,Medical,48,16.67,1,391,1.911,0
LN100223,62,Salaried,6,Metro,74075,4588047,Education,12,17.11,2,408,5.161,0
LN100224,22,Salaried,26,Metro,61823,4856471,Personal,120,17.11,3,617,6.546,0
LN100225,46,Salaried,10,Tier-1,174452,4619647,Vehicle,60,10.65,2,726,2.207,0
LN100226,35,Salaried,22,Tier-2,65125,982353,Business,12,17.46,0,628,1.257,0
LN100227,60,Salaried,28,Tier-2,122177,3942905,Vehicle,36,17.77,3,528,2.689,1
LN100228,62,Self-Employed,12,Tier-2,190617,4120657,Home,12,9.24,2,811,1.801,0
LN100229,28,Salaried,17,Tier-1,96002,3346350,Vehicle,120,10.93,1,745,2.905,0
LN100230,37,Salaried,14,Tier-1,16701,470176,Personal,36,9.35,2,896,2.346,0
LN100231,31,Self-Employed,26,Tier-1,139055,1288111,Vehicle,24,18.18,3,503,0.772,0
LN100232,49,Business Owner,26,Rural,55333,3863717,Vehicle,24,13.98,4,696,5.819,0
LN100233,45,Business Owner,13,Tier-2,129213,1860162,Business,36,17.61,2,622,1.2,0
LN100234,28,Self-Employed,28,Tier-2,87033,4525561,Personal,120,8.1,3,825,4.333,0
LN100235,46,Self-Employed,1,Tier-1,115797,4098467,Personal,24,16.21,1,487,2.949,1
LN100236,47,Business Owner,24,Tier-2,148024,3321261,Education,12,9.83,3,875,1.87,0
LN100237,49,Salaried,7,Tier-1,25138,1200071,Vehicle,60,19.24,2,507,3.978,0
LN100238,32,Self-Employed,12,Tier-2,54187,2838686,Medical,60,9.86,2,834,4.366,1
LN100239,45,Unemployed,24,Tier-1,107021,2254007,Education,36,7.95,1,894,1.755,1
LN100240,54,Salaried,11,Metro,54474,4296464,Business,24,7.64,3,886,6.573,0
LN100241,39,Salaried,22,Tier-1,175929,502352,Vehicle,120,12.56,3,737,0.238,1
LN100242,56,Unemployed,7,Tier-2,28425,3317952,Medical,84,20.81,4,328,9.727,1
LN100243,43,Salaried,1,Tier-2,143594,2269707,Medical,84,9.43,2,795,1.317,0
LN100244,27,Business Owner,19,Metro,197287,1246159,Home,12,9.51,0,883,0.526,0
LN100245,61,Salaried,23,Tier-2,197632,940957,Home,24,17.06,1,494,0.397,0
LN100246,24,Salaried,3,Metro,142615,1235958,Medical,120,19.52,0,339,0.722,1
LN100247,60,Unemployed,2,Rural,198863,885054,Personal,84,18.86,0,389,0.371,1
LN100248,26,Business Owner,10,Metro,188089,1021630,Vehicle,120,19.65,0,342,0.453,0
LN100249,28,Salaried,21,Tier-2,184273,2095337,Medical,120,9.06,3,844,0.948,0
LN100250,43,Salaried,14,Metro,40635,2865241,Medical,84,9.16,4,813,5.876,0
LN100251,26,Salaried,25,Tier-2,142278,210025,Personal,60,7.8,3,878,0.123,1
LN100252,54,Salaried,16,Metro,60799,4019232,Vehicle,24,19.77,0,303,5.509,0
LN100253,43,Self-Employed,17,Metro,159578,2138865,Education,12,17.52,1,580,1.117,0
LN100254,36,Self-Employed,6,Tier-1,166223,3413594,Education,84,9.86,2,772,1.711,0
LN100255,27,Self-Employed,6,Tier-1,65211,3077402,Home,36,17.32,1,414,3.933,1
LN100256,45,Salaried,6,Metro,142170,2189393,Personal,48,14.09,0,410,1.283,1
LN100257,55,Self-Employed,4,Tier-1,111774,2583552,Education,12,14.83,2,542,1.926,1
LN100258,55,Self-Employed,4,Tier-1,69711,2970445,Personal,60,20.11,2,423,3.551,0
LN100259,64,Salaried,15,Tier-2,78914,139009,Education,36,16.17,0,450,0.147,0
LN100260,61,Self-Employed,21,Metro,43691,502950,Medical,48,16.08,0,410,0.959,1
LN100261,38,Self-Employed,22,Metro,66355,2208052,Medical,120,12.55,1,720,2.773,1
LN100262,50,Salaried,22,Metro,163481,3839550,Medical,36,19.46,1,337,1.957,1
LN100263,61,Salaried,18,Rural,106374,4102290,Personal,24,19.3,3,355,3.214,1
LN100264,38,Salaried,16,Tier-1,129252,4926280,Home,12,21.46,4,575,3.176,0
LN100265,22,Self-Employed,15,Tier-1,83344,2413779,Medical,84,10.94,2,717,2.413,0
LN100266,59,Self-Employed,28,Metro,99916,1722924,Education,36,12.96,2,683,1.437,0
LN100267,57,Self-Employed,7,Tier-1,139766,1167769,Business,36,10.66,0,724,0.696,0
LN100268,57,Salaried,12,Metro,64983,244337,Medical,48,8.92,0,764,0.313,0
LN100269,46,Self-Employed,6,Tier-2,180417,589913,Personal,24,15.6,0,590,0.272,0
LN100270,43,Salaried,7,Tier-2,73247,4110978,Personal,60,21.99,2,318,4.677,1
LN100271,36,Salaried,23,Metro,58368,4881400,Vehicle,48,15.64,3,607,6.969,0
LN100272,42,Business Owner,0,Tier-1,87055,1271407,Vehicle,24,13.43,4,708,1.217,0
LN100273,32,Salaried,29,Metro,138773,1783743,Business,60,17.37,0,348,1.071,0
LN100274,59,Salaried,12,Tier-2,128384,4899411,Business,36,10.45,4,698,3.18,0
LN100275,45,Salaried,18,Metro,124516,881241,Business,12,14.14,2,504,0.59,0
LN100276,39,Salaried,24,Tier-1,170201,4744352,Business,12,7.73,3,873,2.323,0
LN100277,59,Salaried,19,Tier-2,125966,2334183,Education,60,18.68,0,332,1.544,0
LN100278,23,Salaried,23,Tier-1,61375,997524,Education,24,9.74,2,818,1.354,0
LN100279,59,Salaried,13,Tier-1,46957,4489915,Home,120,21.47,1,489,7.968,1
LN100280,35,Business Owner,23,Metro,87526,2941885,Medical,12,16.01,3,588,2.801,1
LN100281,26,Salaried,20,Metro,164085,4282819,Vehicle,120,20.16,2,508,2.175,0
LN100282,40,Salaried,26,Metro,81327,1425036,Personal,36,16.49,2,339,1.46,0
LN100283,25,Salaried,1,Rural,198696,3506354,Education,24,13.95,1,725,1.471,0
LN100284,33,Salaried,10,Tier-2,18770,2189272,Education,12,7.71,2,884,9.72,1
LN100285,25,Self-Employed,26,Tier-1,185712,598413,Vehicle,36,20.8,2,530,0.269,1
LN100286,26,Salaried,7,Rural,16622,2745238,Education,24,16.73,0,408,13.763,0
LN100287,59,Business Owner,12,Tier-1,101816,4731942,Education,84,20.85,4,530,3.873,1
LN100288,24,Business Owner,8,Rural,27355,3741473,Personal,84,9.26,1,837,11.398,1
LN100289,23,Salaried,25,Metro,36704,1819266,Home,24,16.37,3,342,4.13,0
LN100290,32,Self-Employed,8,Metro,166950,4391755,Education,48,20.91,3,607,2.192,0
LN100291,47,Business Owner,6,Tier-2,103664,2200791,Home,48,16.29,1,489,1.769,1
LN100292,23,Salaried,26,Tier-1,123569,1791519,Business,84,7.76,4,788,1.208,0
LN100293,26,Business Owner,28,Tier-2,93089,3843567,Medical,60,10.99,1,720,3.441,0
LN100294,50,Business Owner,13,Tier-2,148662,1373855,Business,120,21.83,3,425,0.77,1
LN100295,28,Salaried,17,Tier-1,24449,512517,Business,36,15.64,3,515,1.747,0
LN100296,62,Salaried,21,Tier-2,149754,4647888,Medical,60,13.49,4,727,2.586,0
LN100297,28,Salaried,14,Metro,116287,581654,Education,84,8.91,0,750,0.417,0
LN100298,21,Self-Employed,6,Tier-2,72300,309751,Medical,48,18.65,3,640,0.357,0
LN100299,30,Salaried,15,Metro,26883,610784,Personal,12,16.33,0,555,1.893,0
LN100300,27,Business Owner,13,Metro,131917,4057275,Home,12,18.75,2,535,2.563,0
LN100301,21,Business Owner,23,Rural,99026,3976783,Personal,48,11.61,2,715,3.347,0
LN100302,50,Salaried,19,Tier-1,109716,145090,Personal,12,15.9,4,369,0.11,0
LN100303,42,Salaried,25,Tier-2,162855,3528224,Business,24,16.69,1,592,1.805,1
LN100304,44,Salaried,1,Tier-2,43217,252358,Home,12,16.27,4,308,0.487,1
LN100305,64,Salaried,6,Tier-2,98441,1152661,Medical,84,14.46,3,445,0.976,0
LN100306,36,Business Owner,11,Rural,129606,850324,Business,24,16.25,1,626,0.547,0
LN100307,35,Salaried,13,Tier-1,105209,268078,Medical,12,17.38,0,507,0.212,0
LN100308,52,Salaried,24,Metro,149086,3559192,Personal,36,20.06,3,589,1.989,0
LN100309,33,Business Owner,18,Tier-1,57440,1883325,Personal,12,7.48,4,799,2.732,0
LN100310,56,Unemployed,24,Metro,49948,3459108,Medical,48,18.1,3,379,5.771,0
LN100311,33,Business Owner,12,Metro,103489,630063,Education,24,11.83,1,694,0.507,0
LN100312,37,Salaried,16,Metro,134127,2129330,Vehicle,120,16.61,0,574,1.323,0
LN100313,53,Business Owner,3,Tier-2,15815,979880,Home,36,20.13,2,391,5.163,0
LN100314,25,Salaried,21,Tier-2,85528,3241376,Medical,24,8.95,4,757,3.158,1
LN100315,28,Salaried,27,Metro,182171,3509608,Medical,12,21.72,0,461,1.605,0
LN100316,22,Salaried,27,Tier-2,65141,3576332,Personal,24,17.28,1,303,4.575,1
LN100317,64,Unemployed,24,Tier-2,77240,3210631,Business,60,20.04,2,526,3.464,1
LN100318,27,Self-Employed,19,Tier-2,183706,4532178,Business,24,14.62,3,342,2.056,1
LN100319,50,Salaried,0,Tier-1,140701,2477257,Education,24,18.57,0,486,1.467,0
LN100320,54,Salaried,19,Rural,62923,2786812,Home,48,16.64,1,449,3.691,0
LN100321,64,Salaried,19,Metro,135698,2386411,Business,60,19.32,4,533,1.466,0
LN100322,54,Self-Employed,26,Rural,50213,1914515,Personal,48,20.43,0,509,3.177,0
LN100323,46,Self-Employed,11,Rural,84120,4052700,Medical,36,20.28,1,471,4.015,1
LN100324,58,Self-Employed,20,Rural,53215,2099948,Vehicle,84,18.9,4,609,3.288,1
LN100325,58,Salaried,29,Metro,180290,58530,Business,120,14.91,4,483,0.027,0
LN100326,58,Salaried,11,Rural,164231,1879527,Personal,84,12.28,0,666,0.954,0
LN100327,54,Salaried,12,Tier-2,21293,677337,Vehicle,84,9.66,2,768,2.651,0
LN100328,54,Self-Employed,0,Rural,89477,4862542,Business,12,16.85,3,532,4.529,1
LN100329,37,Salaried,22,Rural,77182,3206740,Education,24,15.73,0,435,3.462,0
LN100330,47,Unemployed,16,Metro,90626,2239964,Business,12,19.8,0,388,2.06,1
LN100331,34,Business Owner,6,Tier-1,182490,2480983,Home,48,15.92,0,481,1.133,0
LN100332,54,Salaried,9,Tier-1,194762,2729539,Medical,48,18.44,4,421,1.168,1
LN100333,38,Salaried,18,Tier-2,175482,2127853,Vehicle,12,20.48,2,466,1.01,0
LN100334,46,Business Owner,12,Metro,38685,1328452,Home,12,7.63,1,870,2.862,0
LN100335,22,Business Owner,13,Metro,146840,1961887,Home,12,18.65,2,540,1.113,0
LN100336,55,Self-Employed,29,Metro,32014,3479090,Medical,60,8.92,0,772,9.056,0
LN100337,35,Salaried,2,Tier-2,132548,1110895,Vehicle,120,7.91,1,840,0.698,0
LN100338,26,Salaried,19,Rural,158171,3259894,Business,24,11.43,0,690,1.717,0
LN100339,38,Salaried,4,Tier-2,45567,3228160,Personal,24,18.37,1,480,5.904,0
LN100340,23,Self-Employed,19,Tier-2,197069,2857360,Home,24,9.11,3,855,1.208,0
LN100341,32,Salaried,18,Metro,135823,1478903,Education,12,9.12,4,761,0.907,0
LN100342,30,Business Owner,6,Metro,34127,299953,Medical,48,19.0,2,474,0.732,1
LN100343,29,Salaried,6,Tier-2,29640,3780071,Personal,60,16.41,3,618,10.628,1
LN100344,53,Salaried,28,Metro,95675,2781043,Vehicle,120,7.85,3,773,2.422,0
LN100345,54,Salaried,3,Rural,126618,1379503,Education,48,15.87,3,480,0.908,1
LN100346,54,Salaried,9,Tier-1,19627,3992029,Vehicle,60,12.03,1,710,16.95,0
LN100347,37,Salaried,5,Metro,193546,2527641,Education,12,7.99,0,794,1.088,0
LN100348,41,Salaried,18,Tier-1,67314,4204347,Medical,84,9.84,0,750,5.205,0
LN100349,27,Salaried,7,Metro,176614,850740,Vehicle,60,16.75,2,464,0.401,0
LN100350,50,Self-Employed,20,Metro,139976,3226056,Home,60,19.67,2,397,1.921,1
LN100351,63,Salaried,11,Metro,45923,4206769,Medical,84,13.01,0,690,7.634,1
LN100352,30,Self-Employed,14,Rural,115856,2857778,Vehicle,24,9.77,3,886,2.056,1
LN100353,29,Self-Employed,24,Tier-1,110040,2959431,Business,36,16.7,3,377,2.241,1
LN100354,22,Salaried,6,Metro,61306,2510462,Medical,60,17.1,4,524,3.412,0
LN100355,40,Salaried,27,Metro,137855,4231813,Education,48,8.79,0,771,2.558,0
LN100356,42,Business Owner,6,Rural,87687,2217652,Medical,12,11.09,2,666,2.108,0
LN100357,58,Salaried,23,Tier-1,43937,108478,Business,12,9.44,0,771,0.206,0
LN100358,44,Salaried,27,Tier-1,19238,2290212,Education,48,7.15,0,815,9.921,0
LN100359,35,Salaried,17,Tier-2,174605,3028618,Home,60,18.51,0,384,1.445,0
LN100360,24,Salaried,5,Tier-2,198622,271197,Business,12,17.32,1,370,0.114,0
LN100361,64,Salaried,7,Metro,17898,2361737,Vehicle,60,7.38,3,854,10.996,0
LN100362,35,Salaried,28,Tier-1,160919,4039743,Business,48,10.23,2,658,2.092,0
LN100363,41,Self-Employed,28,Tier-2,82145,2857098,Education,60,7.01,4,762,2.898,1
LN100364,27,Self-Employed,7,Tier-1,136626,4857009,Personal,36,10.26,1,682,2.962,0
LN100365,42,Unemployed,22,Metro,25290,214260,Home,84,14.21,2,309,0.706,0
LN100366,60,Salaried,4,Rural,61114,4748528,Business,48,21.03,4,342,6.475,1
LN100367,55,Salaried,4,Tier-2,164824,1920115,Personal,48,18.51,3,343,0.971,0
LN100368,26,Salaried,12,Metro,30577,3700983,Education,60,7.79,3,767,10.087,0
LN100369,47,Salaried,9,Metro,176919,4014566,Medical,84,7.15,1,770,1.891,0
LN100370,34,Business Owner,23,Tier-2,17035,4455086,Personal,12,12.41,3,734,21.794,1
LN100371,34,Business Owner,18,Tier-2,195344,2383731,Medical,48,13.68,1,727,1.017,0
LN100372,53,Salaried,1,Tier-1,197946,1102507,Medical,48,18.33,0,348,0.464,1
LN100373,31,Salaried,16,Metro,160568,493033,Medical,48,18.68,1,427,0.256,0
LN100374,23,Business Owner,28,Tier-2,149042,3562254,Medical,84,8.66,0,845,1.992,0
LN100375,52,Salaried,1,Tier-2,24724,4257256,Business,12,14.51,3,623,14.349,0
LN100376,29,Salaried,20,Tier-1,68898,3914100,Personal,12,17.3,1,433,4.734,1
LN100377,54,Salaried,21,Metro,141113,4681614,Personal,120,20.29,4,420,2.765,0
LN100378,51,Salaried,28,Tier-2,17799,2657064,Business,48,19.98,2,426,12.44,0
LN100379,33,Salaried,15,Tier-2,165845,2520608,Home,36,7.71,0,844,1.267,0
LN100380,60,Business Owner,4,Tier-1,169501,4543178,Medical,84,15.9,1,629,2.234,0
LN100381,60,Salaried,5,Metro,177262,240885,Personal,12,16.08,4,316,0.113,1
LN100382,56,Business Owner,14,Tier-2,131325,1678880,Vehicle,120,16.32,0,450,1.065,1
LN100383,32,Business Owner,4,Tier-2,159948,429677,Vehicle,48,21.99,0,357,0.224,0
LN100384,22,Salaried,11,Tier-1,21093,3331664,Home,84,21.88,0,473,13.163,0
LN100385,58,Business Owner,7,Metro,56366,1901404,Home,48,9.27,0,875,2.811,0
LN100386,49,Unemployed,27,Metro,44345,2238540,Home,120,9.61,0,881,4.207,1
LN100387,31,Salaried,6,Metro,64303,2633275,Medical,24,15.11,3,478,3.413,0
LN100388,54,Salaried,26,Tier-2,136772,3749751,Business,24,11.96,1,728,2.285,0
LN100389,53,Salaried,26,Tier-2,75278,2923143,Education,84,12.33,1,655,3.236,0
LN100390,58,Salaried,14,Tier-1,98582,2882763,Vehicle,12,10.0,0,829,2.437,0
LN100391,39,Business Owner,26,Rural,164644,1655569,Medical,120,12.37,1,748,0.838,0
LN100392,60,Salaried,10,Tier-2,51905,283116,Education,48,12.62,1,698,0.455,0
LN100393,62,Business Owner,7,Tier-2,110291,4774339,Vehicle,120,7.82,3,800,3.607,0
LN100394,28,Business Owner,13,Tier-2,66757,1571626,Education,12,14.76,3,438,1.962,0
LN100395,52,Self-Employed,28,Tier-1,183471,1224960,Vehicle,24,7.93,3,762,0.556,0
LN100396,22,Salaried,29,Rural,106268,3831690,Business,120,7.76,0,893,3.005,0
LN100397,40,Salaried,17,Tier-2,43371,1503797,Education,24,8.84,3,878,2.889,0
LN100398,52,Salaried,15,Tier-2,24820,548362,Home,60,18.26,4,352,1.841,0
LN100399,42,Business Owner,26,Metro,58408,4835120,Vehicle,48,18.52,2,555,6.898,1
LN100400,52,Salaried,10,Tier-1,84233,284811,Home,60,12.66,1,737,0.282,0
LN100401,27,Business Owner,12,Tier-1,147599,4920873,Medical,120,11.49,3,692,2.778,1
LN100402,25,Salaried,15,Tier-1,181606,3121985,Vehicle,84,18.68,4,337,1.433,1
LN100403,54,Salaried,23,Rural,39423,4233178,Education,12,14.59,3,408,8.948,0
LN100404,45,Self-Employed,28,Tier-2,93540,3383550,Education,120,19.91,4,325,3.014,1
LN100405,32,Self-Employed,5,Metro,157181,1638985,Home,48,17.99,2,435,0.869,0
LN100406,50,Salaried,17,Tier-2,38277,4055468,Home,12,9.64,0,839,8.829,0
LN100407,57,Salaried,14,Tier-1,62286,919960,Medical,84,21.14,2,647,1.231,0
LN100408,43,Business Owner,20,Rural,36007,4917343,Personal,84,11.27,3,673,11.381,1
LN100409,40,Unemployed,16,Tier-2,140927,1003928,Vehicle,60,9.35,0,879,0.594,0
LN100410,47,Salaried,4,Tier-2,184219,3627098,Personal,48,20.06,3,371,1.641,1
LN100411,63,Business Owner,2,Rural,140124,485394,Vehicle,60,9.59,2,824,0.289,0
LN100412,42,Self-Employed,3,Tier-1,192161,4746291,Medical,60,20.01,2,406,2.058,1
LN100413,30,Salaried,7,Tier-1,135646,4010833,Medical,36,15.92,4,559,2.464,0
LN100414,49,Salaried,29,Tier-2,52513,2303917,Education,84,18.9,3,349,3.656,0
LN100415,50,Salaried,20,Metro,125665,2073673,Personal,48,15.95,3,534,1.375,1
LN100416,51,Salaried,8,Metro,181510,1403504,Vehicle,24,9.24,0,874,0.644,0
LN100417,57,Salaried,12,Metro,84191,670129,Medical,84,9.09,3,833,0.663,0
LN100418,43,Business Owner,14,Tier-2,135619,2489574,Home,24,8.05,0,751,1.53,0
LN100419,43,Self-Employed,20,Metro,153521,3776722,Home,60,7.75,1,840,2.05,0
LN100420,40,Salaried,17,Rural,61403,807054,Education,12,12.29,3,719,1.095,1
LN100421,31,Business Owner,6,Tier-1,180974,433996,Home,36,17.23,2,348,0.2,0
LN100422,25,Self-Employed,19,Tier-2,176375,3303562,Vehicle,60,20.65,4,337,1.561,0
LN100423,49,Self-Employed,0,Rural,127236,1651721,Education,24,20.94,2,458,1.082,0
LN100424,52,Salaried,23,Metro,62469,4303093,Education,24,20.04,2,419,5.74,1
LN100425,56,Salaried,0,Metro,147982,4173063,Vehicle,36,12.54,1,709,2.35,0
LN100426,53,Salaried,10,Tier-1,194038,4677911,Medical,84,19.7,1,355,2.009,0
LN100427,25,Business Owner,27,Metro,147542,2263696,Vehicle,24,19.0,3,634,1.279,0
LN100428,32,Salaried,25,Metro,72305,2984222,Business,84,7.38,3,792,3.439,0
LN100429,52,Salaried,3,Tier-1,140679,2170288,Home,48,19.67,2,641,1.286,0
LN100430,50,Business Owner,15,Metro,197706,1869842,Home,24,19.44,0,312,0.788,1
LN100431,63,Self-Employed,1,Tier-2,101943,4190701,Education,12,8.71,1,753,3.426,0
LN100432,59,Self-Employed,29,Tier-2,31935,65194,Home,48,21.17,0,397,0.17,1
LN100433,40,Salaried,8,Tier-1,118252,1100694,Business,60,9.93,3,891,0.776,0
LN100434,26,Self-Employed,11,Tier-2,141897,922227,Medical,60,19.7,4,616,0.542,1
LN100435,51,Self-Employed,27,Metro,36433,3174704,Medical,24,18.04,3,513,7.262,1
LN100436,30,Unemployed,23,Metro,169461,4089672,Education,12,21.38,2,583,2.011,0
LN100437,39,Salaried,25,Tier-2,94738,4166669,Home,36,11.62,1,724,3.665,0
LN100438,48,Self-Employed,8,Tier-1,91069,4596348,Medical,36,10.93,4,736,4.206,1
LN100439,38,Salaried,9,Metro,142468,3943094,Home,84,16.57,4,570,2.306,0
LN100440,47,Salaried,14,Tier-1,89150,4047080,Medical,24,7.51,0,827,3.783,0
LN100441,62,Salaried,23,Tier-1,137706,2284320,Home,12,20.9,4,413,1.382,0
LN100442,23,Salaried,10,Metro,162552,4199321,Education,24,19.87,2,490,2.153,1
LN100443,61,Self-Employed,19,Tier-2,23730,1607741,Education,24,14.23,1,391,5.646,0
LN100444,26,Self-Employed,22,Tier-2,96313,4429742,Medical,120,15.3,1,380,3.833,1
LN100445,51,Salaried,2,Tier-2,32913,4706691,Vehicle,60,8.05,2,793,11.917,0
LN100446,57,Salaried,5,Metro,134445,4684672,Education,60,9.86,4,824,2.904,0
LN100447,36,Self-Employed,26,Tier-1,111817,3616570,Home,12,15.18,4,512,2.695,1
LN100448,27,Self-Employed,8,Tier-1,97026,1060496,Medical,36,8.12,0,833,0.911,0
LN100449,38,Business Owner,9,Tier-2,53408,295575,Business,36,9.71,3,897,0.461,1
LN100450,32,Salaried,1,Metro,75644,3897084,Personal,12,8.57,3,886,4.293,1
LN100451,31,Business Owner,10,Tier-1,62437,4419793,Business,12,10.95,0,695,5.899,0
LN100452,44,Unemployed,12,Tier-1,187574,3638639,Home,12,14.62,4,451,1.617,1
LN100453,43,Self-Employed,2,Metro,134568,3005991,Personal,84,21.99,4,633,1.862,0
LN100454,55,Salaried,15,Tier-1,51752,4582838,Home,36,18.49,1,413,7.379,1
LN100455,39,Self-Employed,19,Tier-2,125095,2477783,Home,84,15.19,0,338,1.651,0
LN100456,51,Self-Employed,18,Tier-1,114976,179792,Medical,48,11.91,3,673,0.13,0
LN100457,35,Salaried,19,Metro,144423,4646916,Education,12,15.29,4,631,2.681,1
LN100458,49,Self-Employed,29,Metro,35668,1988808,Business,60,16.98,0,338,4.647,0
LN100459,51,Self-Employed,28,Rural,21705,2099363,Education,60,7.83,3,872,8.06,0
LN100460,32,Salaried,18,Tier-1,143781,959030,Vehicle,120,19.76,2,631,0.556,0
LN100461,49,Self-Employed,11,Tier-2,191826,4267148,Education,24,14.8,1,374,1.854,1
LN100462,42,Self-Employed,15,Metro,16176,2847090,Education,120,21.49,3,480,14.667,0
LN100463,53,Self-Employed,23,Metro,53768,184237,Vehicle,36,19.49,0,413,0.286,0
LN100464,44,Salaried,11,Metro,25835,4866477,Vehicle,36,18.52,0,639,15.697,0
LN100465,36,Business Owner,29,Tier-1,78596,4316545,Home,48,11.29,1,734,4.577,0
LN100466,22,Self-Employed,12,Rural,16951,2325227,Business,120,17.45,2,316,11.431,1
LN100467,64,Salaried,29,Tier-2,149961,4770679,Home,120,21.29,3,521,2.651,0
LN100468,62,Self-Employed,6,Tier-1,121758,265606,Education,12,14.24,4,602,0.182,0
LN100469,52,Salaried,6,Tier-1,94359,3823878,Home,24,13.83,2,706,3.377,1
LN100470,43,Salaried,8,Tier-2,173411,3808830,Home,120,18.02,2,347,1.83,0
LN100471,21,Salaried,12,Metro,125515,4237849,Medical,36,10.49,1,719,2.814,0
LN100472,43,Salaried,15,Tier-1,51990,2790816,Education,12,8.36,3,849,4.473,0
LN100473,41,Self-Employed,16,Metro,185752,2027089,Vehicle,60,17.38,0,451,0.909,0
LN100474,47,Self-Employed,25,Metro,126173,1894107,Education,36,13.17,1,700,1.251,0
LN100475,32,Self-Employed,5,Tier-2,180460,1905318,Personal,60,21.14,3,404,0.88,0
LN100476,52,Salaried,15,Rural,139151,258007,Personal,48,16.0,3,490,0.155,0
LN100477,36,Salaried,19,Metro,27020,403051,Medical,60,18.52,2,540,1.243,1
LN100478,36,Salaried,29,Metro,153152,2714740,Education,48,7.23,1,768,1.477,0
LN100479,49,Salaried,14,Tier-2,122898,2653184,Medical,120,16.08,2,410,1.799,0
LN100480,30,Salaried,13,Rural,124255,4297451,Home,84,14.67,1,313,2.882,0
LN100481,63,Business Owner,7,Metro,59013,4698333,Education,60,11.73,4,690,6.635,0
LN100482,21,Self-Employed,19,Tier-2,144516,2246897,Education,36,14.36,3,382,1.296,1
LN100483,42,Self-Employed,9,Tier-1,25366,617628,Personal,24,20.53,2,577,2.029,0
LN100484,39,Self-Employed,10,Rural,82105,730301,Education,24,10.83,3,727,0.741,0
LN100485,42,Self-Employed,3,Metro,153691,4961324,Medical,84,18.46,3,493,2.69,1
LN100486,24,Business Owner,13,Metro,58582,816198,Vehicle,84,15.79,1,452,1.161,1
LN100487,37,Self-Employed,12,Metro,30804,2337525,Home,36,21.42,0,492,6.324,1
LN100488,61,Business Owner,5,Rural,46325,1489798,Business,84,19.15,4,510,2.68,1
LN100489,23,Salaried,2,Tier-1,146814,4981160,Medical,12,19.95,4,359,2.827,0
LN100490,58,Salaried,29,Metro,172988,751582,Education,36,8.09,2,755,0.362,0
LN100491,62,Business Owner,16,Tier-1,32025,3047934,Personal,24,17.97,0,495,7.931,0
LN100492,28,Unemployed,25,Tier-2,25049,4073669,Business,60,21.0,2,443,13.552,0
LN100493,56,Self-Employed,0,Metro,152745,3008239,Personal,48,16.53,2,459,1.641,1
LN100494,28,Salaried,16,Tier-2,79786,1489843,Home,60,8.23,1,808,1.556,0
LN100495,51,Self-Employed,26,Tier-1,185553,2895187,Vehicle,36,9.89,2,753,1.3,0
LN100496,58,Business Owner,13,Metro,19189,3524214,Business,60,15.12,3,347,15.305,0
LN100497,49,Salaried,13,Metro,120351,1809700,Vehicle,120,9.37,4,803,1.253,0
LN100498,27,Business Owner,29,Rural,70488,945255,Personal,120,12.94,3,685,1.118,1
LN100499,26,Business Owner,10,Metro,125803,4631259,Personal,60,8.13,4,853,3.068,0
LN100500,45,Self-Employed,6,Metro,26415,2393624,Business,60,15.98,4,313,7.551,1
LN100501,50,Salaried,28,Tier-2,101303,3825199,Home,36,9.63,4,822,3.147,0
LN100502,57,Salaried,15,Metro,174492,1485430,Home,60,20.05,2,454,0.709,0
LN100503,60,Business Owner,19,Metro,145099,4447990,Education,12,10.79,0,734,2.555,0
LN100504,21,Salaried,8,Tier-2,160356,136227,Personal,36,19.18,3,301,0.071,1
LN100505,64,Salaried,9,Tier-1,81980,4857337,Vehicle,60,11.56,0,661,4.938,0
LN100506,22,Business Owner,23,Rural,185312,1118911,Home,12,14.87,3,640,0.503,0
LN100507,24,Business Owner,18,Metro,52836,4314380,Personal,84,13.98,0,661,6.805,1
LN100508,50,Self-Employed,5,Tier-1,44051,1324180,Vehicle,48,14.06,3,349,2.505,1
LN100509,44,Self-Employed,17,Tier-2,55325,4978599,Personal,120,17.99,2,616,7.499,1
LN100510,62,Salaried,12,Metro,147808,1670097,Vehicle,48,20.01,1,600,0.942,0
LN100511,21,Salaried,18,Tier-2,115835,4924707,Business,120,20.48,1,484,3.543,0
LN100512,30,Self-Employed,3,Tier-1,84898,546307,Vehicle,48,20.76,2,367,0.536,1
LN100513,39,Salaried,2,Tier-2,121005,4235834,Medical,36,17.11,2,603,2.917,0
LN100514,37,Salaried,14,Tier-1,41550,2121869,Business,24,14.92,4,385,4.256,0
LN100515,59,Business Owner,20,Tier-2,160013,4067384,Home,12,15.92,1,588,2.118,0
LN100516,24,Self-Employed,3,Metro,56310,4443495,Home,36,8.77,4,819,6.576,0
LN100517,28,Salaried,22,Metro,131124,1068205,Home,60,9.56,1,886,0.679,0
LN100518,26,Self-Employed,29,Rural,197592,1748019,Personal,60,15.62,3,442,0.737,1
LN100519,45,Self-Employed,2,Tier-2,119568,576337,Personal,48,17.09,0,424,0.402,0
LN100520,57,Business Owner,7,Tier-2,144729,3096576,Business,84,9.75,3,886,1.783,1
LN100521,29,Salaried,20,Metro,63383,74720,Home,120,20.3,1,301,0.098,0
LN100522,52,Self-Employed,27,Tier-1,102738,4200202,Business,60,9.9,4,895,3.407,0
LN100523,24,Salaried,14,Tier-1,111505,1472219,Vehicle,120,17.49,3,510,1.1,1
LN100524,26,Salaried,24,Metro,15827,900336,Personal,12,8.34,3,839,4.741,0
LN100525,43,Self-Employed,15,Tier-2,85191,2394904,Education,36,16.74,4,315,2.343,1
LN100526,26,Business Owner,26,Tier-2,46778,1748112,Home,36,17.65,2,460,3.114,0
LN100527,31,Business Owner,28,Metro,131003,1110064,Vehicle,60,18.16,0,500,0.706,0
LN100528,23,Business Owner,24,Tier-2,94164,586376,Personal,24,18.21,4,395,0.519,1
LN100529,39,Business Owner,17,Tier-1,139115,2517259,Personal,120,16.83,2,359,1.508,0
LN100530,43,Self-Employed,26,Metro,66401,3151639,Home,24,9.91,1,788,3.955,1
LN100531,56,Salaried,21,Tier-1,195291,4654869,Personal,60,17.56,1,513,1.986,0
LN100532,63,Business Owner,18,Tier-2,141006,352135,Medical,48,21.34,3,427,0.208,0
LN100533,56,Salaried,12,Rural,85341,347300,Vehicle,48,16.4,1,320,0.339,0
LN100534,23,Unemployed,28,Tier-2,34307,1855140,Home,36,20.68,0,548,4.506,0
LN100535,39,Unemployed,12,Rural,65827,1454633,Medical,84,13.92,1,707,1.841,1
LN100536,52,Self-Employed,24,Metro,178537,2288830,Education,120,15.35,0,523,1.068,0
LN100537,32,Unemployed,10,Metro,66688,4521385,Home,84,11.48,0,674,5.65,0
LN100538,60,Salaried,23,Tier-1,23537,4711165,Home,36,15.17,3,418,16.68,1
LN100539,50,Salaried,9,Tier-1,70559,2170295,Education,12,8.2,0,865,2.563,0
LN100540,36,Self-Employed,29,Tier-2,17830,4890293,Medical,12,9.69,0,874,22.856,0
LN100541,46,Salaried,10,Tier-1,81222,4605653,Business,24,17.94,2,473,4.725,1
LN100542,42,Salaried,7,Tier-1,79130,579575,Business,36,7.56,3,766,0.61,0
LN100543,38,Self-Employed,26,Tier-2,105939,4325353,Business,36,20.38,1,473,3.402,0
LN100544,27,Business Owner,11,Tier-1,64111,1582738,Education,24,18.23,2,302,2.057,0
LN100545,23,Business Owner,23,Tier-2,80886,697737,Business,120,16.31,4,536,0.719,1
LN100546,33,Salaried,20,Tier-2,106625,4279769,Education,12,14.01,0,354,3.345,1
LN100547,55,Salaried,22,Tier-2,146207,1511569,Home,84,11.48,2,669,0.862,0
LN100548,56,Business Owner,29,Tier-1,99121,3688133,Vehicle,48,8.81,1,818,3.101,0
LN100549,47,Salaried,26,Tier-1,71442,4562885,Medical,84,17.24,0,317,5.322,1
LN100550,64,Salaried,5,Metro,39446,3383252,Business,120,13.07,3,688,7.147,0
LN100551,63,Salaried,26,Rural,125860,1197820,Medical,12,17.43,2,416,0.793,0
LN100552,33,Business Owner,8,Tier-2,124012,2186125,Education,24,10.96,2,672,1.469,0
LN100553,59,Business Owner,28,Tier-1,186361,2405613,Vehicle,12,7.58,4,763,1.076,0
LN100554,49,Self-Employed,23,Metro,90794,1376111,Home,48,9.82,4,768,1.263,1
LN100555,60,Salaried,7,Tier-1,121037,3741524,Home,12,15.05,0,326,2.576,0
LN100556,41,Unemployed,1,Metro,166074,2136706,Business,36,19.38,1,302,1.072,0
LN100557,27,Self-Employed,5,Metro,78863,4386437,Vehicle,48,7.68,2,794,4.635,1
LN100558,31,Self-Employed,14,Tier-2,82631,3743425,Medical,48,17.18,4,354,3.775,0
LN100559,64,Salaried,13,Tier-2,160341,1281000,Education,60,9.99,0,788,0.666,0
LN100560,44,Salaried,15,Metro,176507,64259,Business,84,20.61,1,316,0.03,1
LN100561,63,Self-Employed,10,Metro,142345,2003806,Medical,60,16.96,0,355,1.173,1
LN100562,60,Business Owner,17,Rural,159955,2199877,Business,84,15.73,1,560,1.146,1
LN100563,27,Salaried,10,Metro,193439,944441,Personal,36,8.75,4,883,0.407,1
LN100564,47,Business Owner,16,Tier-2,95502,3964170,Medical,60,16.26,3,374,3.459,1
LN100565,26,Salaried,27,Rural,146003,3600865,Vehicle,84,14.47,1,314,2.055,0
LN100566,63,Business Owner,7,Tier-1,107385,2636333,Education,120,19.56,2,629,2.046,0
LN100567,35,Salaried,3,Tier-2,27553,1634035,Home,12,7.52,3,772,4.942,1
LN100568,21,Salaried,6,Metro,32289,3157219,Vehicle,60,18.19,1,502,8.148,1
LN100569,51,Salaried,20,Metro,125909,4580430,Medical,36,9.33,3,881,3.032,0
LN100570,33,Salaried,25,Tier-2,70348,2464319,Business,24,21.64,4,349,2.919,0
LN100571,35,Business Owner,0,Tier-2,64815,3685712,Education,36,20.91,4,593,4.739,0
LN100572,21,Self-Employed,7,Rural,107570,3942137,Home,48,9.27,1,849,3.054,1
LN100573,45,Salaried,26,Tier-1,37815,4869977,Business,84,11.27,1,690,10.732,0
LN100574,47,Salaried,6,Tier-2,73780,229607,Education,24,16.4,2,366,0.259,0
LN100575,23,Unemployed,12,Tier-1,58327,4538673,Medical,24,9.0,0,870,6.485,0
LN100576,64,Self-Employed,14,Tier-1,50719,3797808,Home,48,12.04,3,711,6.24,0
LN100577,58,Salaried,23,Tier-2,187021,222864,Medical,48,14.49,2,617,0.099,0
LN100578,61,Salaried,20,Metro,142945,2162604,Personal,120,15.63,4,592,1.261,0
LN100579,31,Business Owner,15,Tier-1,135128,2705916,Business,12,16.85,4,516,1.669,1
LN100580,45,Self-Employed,11,Tier-1,43859,779689,Vehicle,84,15.97,2,336,1.481,1
LN100581,30,Salaried,28,Rural,153968,2697102,Vehicle,24,16.48,3,387,1.46,1
LN100582,32,Salaried,12,Tier-1,111376,3566418,Medical,84,21.2,2,365,2.668,0
LN100583,24,Business Owner,10,Tier-1,183689,4492169,Education,48,18.44,3,318,2.038,1
LN100584,36,Salaried,7,Tier-2,174596,3136541,Education,120,9.87,4,766,1.497,1
LN100585,22,Salaried,22,Metro,90532,3876185,Home,36,10.7,3,730,3.568,1
LN100586,21,Salaried,12,Metro,136188,3086178,Business,48,15.14,3,543,1.888,0
LN100587,26,Salaried,18,Tier-1,51659,1578810,Personal,60,20.7,1,462,2.547,0
LN100588,32,Salaried,7,Tier-2,199083,4492087,Vehicle,48,11.36,2,656,1.88,0
LN100589,49,Business Owner,1,Metro,186836,3210927,Personal,120,13.26,3,744,1.432,1
LN100590,40,Salaried,22,Tier-1,132146,2941387,Personal,36,21.82,0,421,1.855,1
LN100591,40,Business Owner,21,Metro,131507,1073085,Vehicle,60,20.62,1,466,0.68,1
LN100592,22,Salaried,16,Tier-1,177606,3633653,Vehicle,60,19.11,2,375,1.705,0
LN100593,23,Business Owner,15,Metro,16808,66511,Medical,120,10.33,1,655,0.33,0
LN100594,34,Salaried,4,Tier-2,177950,4451180,Personal,84,17.94,0,408,2.084,0
LN100595,42,Unemployed,23,Tier-2,67878,4784362,Home,24,11.1,3,655,5.874,1
LN100596,25,Salaried,0,Rural,93082,4493370,Personal,84,9.48,0,797,4.023,0
LN100597,21,Salaried,4,Rural,140892,2124332,Medical,60,16.22,4,616,1.256,0
LN100598,21,Salaried,14,Tier-1,97430,348327,Education,36,8.85,4,892,0.298,1
LN100599,21,Salaried,14,Tier-1,125800,3555870,Medical,84,8.0,4,826,2.356,0
LN100600,23,Self-Employed,17,Tier-2,199739,3277207,Medical,48,9.25,4,896,1.367,0
LN100601,25,Salaried,28,Tier-1,133486,211582,Personal,84,18.43,4,482,0.132,1
LN100602,44,Salaried,24,Tier-2,73804,1032686,Vehicle,84,11.14,3,732,1.166,0
LN100603,25,Salaried,26,Rural,79813,4004344,Education,84,9.38,4,854,4.181,0
LN100604,58,Self-Employed,19,Rural,27506,4069063,Personal,84,21.46,3,378,12.328,1
LN100605,45,Salaried,28,Metro,24353,3712308,Medical,24,11.11,2,695,12.703,0
LN100606,46,Self-Employed,5,Tier-1,171593,175496,Vehicle,120,17.52,3,455,0.085,0
LN100607,41,Self-Employed,14,Metro,71886,564180,Home,24,19.57,1,333,0.654,1
LN100608,22,Business Owner,12,Tier-1,147888,3201274,Education,36,16.19,3,359,1.804,1
LN100609,35,Salaried,24,Tier-1,54316,1702548,Personal,60,17.44,4,598,2.612,1
LN100610,21,Salaried,2,Metro,92052,4785855,Medical,36,17.53,1,318,4.333,0
LN100611,42,Self-Employed,29,Rural,93934,946787,Home,120,18.94,4,549,0.84,1
LN100612,31,Salaried,14,Tier-2,61303,4821165,Vehicle,48,9.77,2,792,6.554,0
LN100613,27,Unemployed,26,Tier-2,38999,3360128,Home,120,8.31,2,790,7.18,0
LN100614,37,Business Owner,2,Tier-1,149651,622919,Vehicle,12,17.45,1,613,0.347,0
LN100615,54,Salaried,15,Metro,46899,2787648,Home,84,16.95,0,414,4.953,0
LN100616,34,Self-Employed,23,Metro,198963,2379408,Medical,48,8.99,1,860,0.997,1
LN100617,37,Business Owner,25,Tier-2,150174,3402815,Home,36,8.94,1,839,1.888,0
LN100618,40,Self-Employed,14,Rural,189080,4518069,Personal,60,14.04,2,597,1.991,0
LN100619,51,Salaried,14,Metro,135628,4692631,Personal,60,20.56,4,346,2.883,0
LN100620,63,Salaried,22,Tier-2,131366,3643552,Vehicle,84,20.74,2,454,2.311,0
LN100621,32,Salaried,3,Tier-1,84352,4490370,Education,48,14.12,1,564,4.436,0
LN100622,23,Salaried,23,Tier-2,128333,2320082,Business,12,9.37,4,793,1.507,0
LN100623,35,Business Owner,29,Rural,137864,3137256,Education,60,7.25,2,853,1.896,0
LN100624,61,Business Owner,10,Metro,168333,2636455,Business,120,7.91,4,894,1.305,0
LN100625,53,Salaried,10,Tier-2,72317,3712233,Business,24,8.42,0,834,4.278,0
LN100626,32,Salaried,28,Metro,189367,635766,Business,24,20.01,2,382,0.28,1
LN100627,21,Self-Employed,13,Rural,174969,807022,Medical,36,20.23,4,541,0.384,1
LN100628,59,Salaried,22,Tier-1,182002,936953,Business,60,9.53,1,819,0.429,0
LN100629,39,Self-Employed,17,Tier-1,157451,1647708,Vehicle,60,10.16,2,690,0.872,0
LN100630,23,Business Owner,10,Rural,142045,1660209,Personal,24,9.22,0,801,0.974,0
LN100631,22,Business Owner,10,Tier-2,140921,1150972,Education,48,20.37,3,341,0.681,1
LN100632,34,Salaried,9,Tier-2,153638,1280902,Personal,24,12.74,1,696,0.695,0
LN100633,47,Salaried,27,Tier-1,176790,665789,Home,36,16.58,1,519,0.314,0
LN100634,44,Salaried,27,Tier-1,125946,177729,Medical,60,9.72,1,756,0.118,0
LN100635,39,Business Owner,14,Tier-1,78664,3828812,Education,60,21.64,4,628,4.056,1
LN100636,59,Self-Employed,24,Tier-1,75738,417422,Medical,48,11.07,1,697,0.459,0
LN100637,44,Business Owner,13,Tier-2,68581,3427722,Vehicle,120,17.24,0,407,4.165,1
LN100638,55,Self-Employed,21,Rural,169375,1685488,Personal,48,17.18,2,460,0.829,0
LN100639,54,Business Owner,0,Tier-2,62063,3328637,Personal,36,8.72,0,856,4.469,0
LN100640,55,Salaried,15,Rural,146152,2326321,Personal,60,20.08,0,430,1.326,1
LN100641,24,Salaried,29,Rural,115835,2287937,Vehicle,60,16.85,1,366,1.646,1
LN100642,50,Salaried,29,Rural,94010,4577733,Business,48,15.68,3,428,4.058,1
LN100643,34,Salaried,22,Rural,86064,3623817,Vehicle,24,17.49,2,566,3.509,1
LN100644,45,Self-Employed,2,Rural,26378,268680,Education,60,17.57,3,421,0.849,1
LN100645,51,Salaried,29,Metro,47286,2588238,Medical,120,7.02,0,895,4.561,0
LN100646,32,Salaried,10,Rural,121501,56174,Home,24,12.51,4,720,0.039,1
LN100647,36,Self-Employed,15,Metro,44062,4589936,Business,60,14.56,1,520,8.681,0
LN100648,55,Salaried,21,Tier-2,191833,3922377,Business,84,16.77,2,470,1.704,0
LN100649,26,Salaried,11,Tier-2,40627,3444813,Personal,48,20.13,4,309,7.066,1
LN100650,32,Salaried,23,Metro,52213,4230872,Business,60,17.78,2,374,6.753,0
LN100651,42,Business Owner,21,Tier-1,42350,4028694,Medical,84,19.3,2,551,7.927,0
LN100652,64,Salaried,4,Metro,158096,1736252,Vehicle,120,16.49,3,394,0.915,1
LN100653,45,Salaried,21,Tier-1,111236,2878799,Vehicle,12,7.98,4,837,2.157,0
LN100654,26,Salaried,1,Tier-2,89240,2360949,Medical,60,7.58,2,899,2.205,0
LN100655,61,Self-Employed,8,Metro,94099,4048958,Education,84,20.1,0,431,3.586,1
LN100656,58,Self-Employed,8,Metro,108851,3493825,Home,60,17.73,2,390,2.675,1
LN100657,33,Salaried,5,Tier-1,97472,1595549,Vehicle,12,15.4,0,649,1.364,0
LN100658,43,Self-Employed,23,Tier-1,93337,863453,Business,60,18.08,4,554,0.771,1
LN100659,25,Salaried,11,Rural,182755,3711644,Personal,24,8.55,0,838,1.692,0
LN100660,29,Business Owner,18,Tier-2,84279,272835,Medical,12,7.12,1,848,0.27,0
LN100661,55,Salaried,4,Tier-2,100566,1277154,Medical,120,14.79,2,514,1.058,0
LN100662,35,Self-Employed,3,Rural,31928,4906931,Medical,120,9.98,1,897,12.807,0
LN100663,42,Self-Employed,25,Tier-2,167978,1761642,Vehicle,48,10.51,2,689,0.874,0
LN100664,56,Self-Employed,4,Tier-2,86526,1413331,Education,12,15.49,2,544,1.361,0
LN100665,58,Business Owner,12,Tier-2,48263,2810576,Personal,12,7.07,0,797,4.853,0
LN100666,53,Self-Employed,4,Rural,120041,1259051,Business,36,7.55,4,840,0.874,0
LN100667,39,Self-Employed,10,Tier-1,66119,865213,Medical,36,20.92,1,365,1.09,0
LN100668,29,Salaried,10,Tier-2,78639,1070644,Education,120,9.68,4,854,1.135,1
LN100669,22,Salaried,14,Rural,15421,3132237,Business,48,8.4,4,831,16.926,1
LN100670,51,Self-Employed,17,Tier-1,85116,795786,Vehicle,36,15.73,1,599,0.779,0
LN100671,23,Salaried,12,Metro,82033,2784608,Personal,24,20.96,2,420,2.829,1
LN100672,27,Salaried,25,Rural,176742,2084419,Education,120,8.08,4,777,0.983,0
LN100673,53,Salaried,18,Tier-1,171635,3345642,Personal,36,20.45,2,492,1.624,0
LN100674,53,Salaried,7,Rural,110006,4970428,Vehicle,60,8.96,2,754,3.765,1
LN100675,28,Salaried,24,Tier-1,146122,4380886,Personal,24,18.53,3,623,2.498,0
LN100676,25,Self-Employed,24,Rural,88990,519858,Business,48,13.76,2,728,0.487,0
LN100677,39,Self-Employed,23,Tier-2,92148,1879720,Education,36,21.68,4,328,1.7,0
LN100678,42,Self-Employed,27,Metro,149282,4144592,Home,12,21.1,2,600,2.314,0
LN100679,25,Business Owner,12,Rural,28140,419087,Personal,12,11.19,1,747,1.241,0
LN100680,38,Self-Employed,28,Tier-1,92844,1924173,Vehicle,12,7.74,4,847,1.727,0
LN100681,60,Unemployed,10,Tier-1,147853,3785619,Home,48,8.51,1,759,2.134,0
LN100682,57,Salaried,26,Tier-1,197504,59920,Business,84,18.84,2,378,0.025,0
LN100683,33,Salaried,10,Tier-1,23006,2508210,Home,24,9.73,4,832,9.085,1
LN100684,44,Salaried,9,Tier-2,77292,3033442,Personal,12,10.26,1,674,3.271,0
LN100685,38,Salaried,19,Tier-1,105293,4072531,Vehicle,60,9.68,3,818,3.223,0
LN100686,47,Salaried,2,Tier-2,194853,2236966,Home,12,12.6,3,724,0.957,0
LN100687,30,Self-Employed,11,Tier-1,52583,3736980,Business,48,18.67,3,346,5.922,1
LN100688,51,Business Owner,1,Tier-1,80786,2041910,Vehicle,60,8.36,4,809,2.106,1
LN100689,25,Self-Employed,6,Tier-2,99871,2817137,Business,36,19.98,3,592,2.351,0
LN100690,57,Salaried,3,Metro,195529,4779604,Home,24,16.73,1,499,2.037,1
LN100691,45,Business Owner,8,Tier-2,189321,271509,Medical,12,15.06,4,365,0.12,1
LN100692,30,Salaried,24,Tier-2,43312,4519837,Business,120,7.47,2,862,8.696,0
LN100693,34,Self-Employed,7,Tier-2,70629,3484117,Vehicle,60,12.29,3,719,4.111,1
LN100694,45,Self-Employed,19,Tier-1,174528,546857,Home,12,16.97,3,365,0.261,1
LN100695,36,Self-Employed,27,Tier-1,125702,2036003,Education,120,19.29,1,480,1.35,0
LN100696,58,Self-Employed,7,Metro,56430,2863766,Medical,24,18.46,1,366,4.229,1
LN100697,39,Salaried,14,Tier-2,192869,208063,Medical,12,17.17,4,556,0.09,0
LN100698,33,Self-Employed,26,Rural,163296,608992,Education,120,10.54,4,741,0.311,1
LN100699,52,Business Owner,23,Metro,95477,3744998,Vehicle,84,19.21,2,554,3.269,0
LN100700,34,Salaried,2,Tier-1,126282,1442446,Home,12,18.89,4,454,0.952,1
LN100701,51,Salaried,27,Metro,93970,1135778,Home,84,15.15,2,354,1.007,0
LN100702,48,Self-Employed,17,Tier-2,24818,1526172,Personal,120,8.31,4,793,5.125,0
LN100703,47,Salaried,6,Metro,158348,3421896,Home,12,9.94,4,843,1.801,0
LN100704,38,Unemployed,2,Rural,137377,1777378,Personal,24,20.24,1,643,1.078,1
LN100705,47,Salaried,9,Tier-2,59446,3378379,Home,36,18.88,3,403,4.736,0
LN100706,33,Salaried,6,Metro,48734,2124320,Business,12,7.08,1,794,3.633,0
LN100707,21,Salaried,8,Metro,139929,769857,Home,84,7.21,1,793,0.458,0
LN100708,36,Salaried,8,Tier-1,69054,1636564,Business,24,15.0,3,518,1.975,0
LN100709,41,Unemployed,0,Tier-2,196847,4511960,Medical,84,16.75,2,421,1.91,1
LN100710,58,Salaried,2,Metro,169760,1504863,Personal,12,21.85,3,535,0.739,0
LN100711,32,Salaried,18,Metro,160962,906588,Vehicle,24,16.4,4,358,0.469,1
LN100712,35,Self-Employed,10,Metro,66437,3865515,Home,84,17.92,1,430,4.849,0
LN100713,31,Business Owner,26,Tier-2,123561,4905492,Vehicle,60,17.51,4,608,3.308,0
LN100714,28,Unemployed,23,Rural,194040,4359042,Education,24,7.6,0,833,1.872,0
LN100715,58,Business Owner,1,Tier-1,45360,3112096,Personal,60,12.96,3,685,5.717,0
LN100716,34,Salaried,23,Tier-2,63288,4815948,Personal,48,17.7,1,619,6.341,0
LN100717,56,Self-Employed,26,Tier-2,160952,1639090,Vehicle,120,13.09,2,737,0.849,0
LN100718,38,Salaried,17,Tier-1,193899,3204550,Vehicle,120,13.79,0,695,1.377,0
LN100719,24,Salaried,11,Tier-1,69646,2426657,Home,60,11.79,4,685,2.904,0
LN100720,36,Salaried,9,Metro,128101,1248306,Medical,48,8.89,0,807,0.812,0
LN100721,36,Salaried,29,Metro,150469,675114,Home,12,16.63,1,316,0.374,0
LN100722,36,Salaried,14,Tier-1,35842,2251356,Education,120,14.94,2,404,5.234,0
LN100723,25,Salaried,14,Metro,118959,3272050,Home,48,10.69,3,694,2.292,1
LN100724,29,Business Owner,25,Tier-1,125686,1314407,Education,84,21.3,1,335,0.871,1
LN100725,47,Salaried,7,Metro,113893,1041724,Home,48,7.4,2,897,0.762,0
LN100726,39,Salaried,9,Tier-2,139312,577585,Home,120,11.19,3,653,0.345,0
LN100727,31,Salaried,3,Tier-1,135423,1667824,Home,36,15.2,0,412,1.026,1
LN100728,59,Business Owner,13,Rural,84808,906204,Home,84,15.57,2,498,0.89,0
LN100729,45,Unemployed,25,Tier-1,94081,3602070,Medical,84,11.8,4,667,3.191,1
LN100730,43,Salaried,14,Tier-2,136555,711667,Business,36,7.93,3,797,0.434,0
LN100731,33,Salaried,26,Metro,143958,1820939,Vehicle,48,18.06,0,537,1.054,0
LN100732,23,Salaried,20,Tier-1,177121,3397786,Education,120,21.5,4,481,1.599,1
LN100733,48,Salaried,8,Metro,164245,2901925,Home,36,12.6,4,726,1.472,0
LN100734,44,Salaried,25,Tier-2,70871,4343980,Home,48,9.32,1,808,5.108,0
LN100735,57,Business Owner,5,Tier-1,132062,209810,Medical,120,16.07,4,588,0.132,0
LN100736,24,Self-Employed,15,Tier-2,38610,2519739,Medical,12,12.23,1,718,5.438,0
LN100737,25,Salaried,11,Tier-1,168072,1815722,Business,60,21.76,3,385,0.9,1
LN100738,22,Self-Employed,25,Rural,102641,4280767,Medical,84,21.85,3,374,3.476,1
LN100739,49,Salaried,23,Metro,45992,4452928,Business,36,11.59,2,664,8.068,0
LN100740,42,Unemployed,17,Rural,47829,3548247,Education,60,9.37,2,875,6.182,1
LN100741,41,Self-Employed,9,Tier-1,70352,4077133,Business,84,7.37,1,804,4.829,0
LN100742,47,Salaried,26,Tier-1,190545,2329287,Personal,36,9.82,4,859,1.019,0
LN100743,51,Self-Employed,12,Tier-2,199065,2397630,Education,48,7.47,1,891,1.004,1
LN100744,49,Unemployed,19,Rural,194255,4633420,Personal,12,11.67,3,671,1.988,1
LN100745,41,Salaried,8,Tier-1,157416,3448906,Home,36,15.36,0,629,1.826,0
LN100746,46,Salaried,12,Tier-1,82153,262745,Personal,48,13.46,2,711,0.267,0
LN100747,61,Salaried,25,Metro,183998,3814996,Business,84,14.63,2,585,1.728,1
LN100748,61,Business Owner,23,Tier-2,166140,929081,Business,120,18.89,2,631,0.466,0
LN100749,47,Salaried,21,Tier-2,107679,4566974,Education,12,9.07,4,827,3.534,1
LN100750,56,Salaried,28,Tier-1,28712,2585967,Medical,84,14.07,1,620,7.505,1
LN100751,41,Salaried,28,Metro,90335,1978815,Education,120,10.48,1,662,1.825,0
LN100752,45,Self-Employed,19,Tier-2,66275,3996539,Home,36,18.97,3,617,5.025,1
LN100753,32,Salaried,14,Tier-1,108825,2952008,Education,48,11.89,1,691,2.261,0
LN100754,34,Business Owner,24,Tier-2,142966,3230056,Business,36,7.64,1,887,1.883,0
LN100755,28,Salaried,5,Tier-1,63114,4047945,Vehicle,48,9.54,4,799,5.345,0
LN100756,56,Self-Employed,2,Metro,153848,2922780,Medical,120,17.5,2,340,1.583,0
LN100757,22,Self-Employed,15,Tier-1,172989,486063,Education,12,13.94,0,684,0.234,0
LN100758,63,Salaried,29,Metro,185802,1392854,Vehicle,36,10.73,4,698,0.625,1
LN100759,36,Salaried,9,Metro,100256,1244929,Personal,120,14.17,2,319,1.035,0
LN100760,47,Business Owner,15,Tier-2,79231,1640878,Business,36,18.5,1,610,1.726,0
LN100761,57,Salaried,8,Tier-1,164909,4218939,Education,12,21.31,3,583,2.132,0
LN100762,24,Salaried,11,Tier-1,168636,712987,Vehicle,12,11.93,2,730,0.352,0
LN100763,25,Salaried,1,Tier-1,77476,4544549,Personal,12,11.36,0,701,4.888,0
LN100764,34,Salaried,27,Tier-1,97383,2584722,Business,60,17.86,3,622,2.212,0
LN100765,23,Salaried,3,Rural,113758,167146,Education,120,20.5,4,615,0.122,0
LN100766,37,Business Owner,9,Tier-1,118316,2955698,Education,12,7.19,0,874,2.082,0
LN100767,38,Self-Employed,19,Tier-2,131323,3076088,Personal,12,19.32,2,532,1.952,0
LN100768,54,Salaried,2,Tier-1,146687,2707418,Vehicle,84,8.63,3,859,1.538,0
LN100769,53,Salaried,18,Tier-1,129070,4650584,Education,120,14.3,1,395,3.003,0
LN100770,35,Business Owner,4,Tier-1,195701,4747761,Vehicle,48,16.8,3,448,2.022,0
LN100771,30,Salaried,26,Rural,187307,1650579,Medical,36,16.25,2,473,0.734,0
LN100772,30,Salaried,13,Metro,47552,2143335,Home,48,12.17,3,733,3.756,1
LN100773,37,Salaried,5,Metro,44450,2410189,Home,84,7.74,3,777,4.519,0
LN100774,30,Business Owner,11,Tier-2,118030,2757024,Personal,120,14.2,0,415,1.947,0
LN100775,44,Salaried,5,Tier-2,142316,1573434,Home,84,8.29,0,772,0.921,0
LN100776,50,Self-Employed,21,Tier-2,62989,1587447,Medical,48,21.77,3,565,2.1,1
LN100777,32,Self-Employed,11,Tier-2,177701,4709682,Personal,12,14.52,0,572,2.209,1
LN100778,28,Salaried,4,Rural,30172,3511985,Medical,120,9.2,2,853,9.7,0
LN100779,64,Self-Employed,20,Tier-1,26610,1453314,Business,24,19.79,4,420,4.551,1
LN100780,25,Unemployed,2,Tier-1,166313,3638114,Business,84,10.25,0,701,1.823,1
LN100781,61,Self-Employed,16,Tier-2,15063,1285653,Business,36,20.79,3,396,7.113,1
LN100782,23,Self-Employed,11,Tier-1,171236,4618183,Medical,24,9.76,4,866,2.247,0
LN100783,57,Salaried,12,Tier-1,96669,3947690,Home,120,17.53,3,492,3.403,0
LN100784,51,Unemployed,4,Tier-2,96635,1027291,Business,84,18.53,3,339,0.886,1
LN100785,28,Business Owner,16,Metro,41644,4339428,Vehicle,48,19.25,4,430,8.684,1
LN100786,34,Salaried,0,Metro,143589,3692967,Medical,24,17.48,3,565,2.143,1
LN100787,54,Salaried,26,Tier-1,166279,761447,Medical,48,7.66,0,823,0.382,0
LN100788,30,Business Owner,21,Metro,84608,4498812,Home,48,21.8,0,637,4.431,0
LN100789,37,Salaried,5,Metro,111098,3299212,Education,36,8.49,1,834,2.475,0
LN100790,60,Salaried,26,Rural,119677,1620208,Medical,36,21.57,4,447,1.128,1
LN100791,54,Salaried,16,Metro,39647,4550109,Business,24,12.66,2,674,9.564,1
LN100792,28,Salaried,24,Metro,112932,3211337,Home,36,18.62,1,495,2.37,0
LN100793,41,Salaried,25,Tier-2,42745,3738652,Personal,84,14.78,2,395,7.289,0
LN100794,36,Salaried,23,Tier-1,182309,1681920,Business,84,14.03,4,345,0.769,1
LN100795,44,Salaried,21,Tier-1,167358,2668224,Medical,24,20.28,0,309,1.329,1
LN100796,39,Salaried,20,Tier-2,43196,1147702,Education,60,7.15,1,855,2.214,0
LN100797,56,Self-Employed,21,Metro,136769,2502357,Home,24,19.55,0,612,1.525,0
LN100798,62,Salaried,17,Tier-2,15486,3054746,Medical,36,20.21,1,466,16.438,1
LN100799,53,Salaried,26,Tier-1,171746,789268,Education,36,15.42,0,326,0.383,1
LN100800,25,Business Owner,27,Tier-1,70787,4177184,Home,120,17.55,0,423,4.918,1
LN100801,22,Salaried,9,Metro,107837,1848539,Business,36,18.2,3,434,1.428,0
LN100802,54,Salaried,8,Tier-1,67318,1762997,Personal,84,21.33,0,565,2.182,1
LN100803,38,Salaried,7,Metro,18116,1167247,Vehicle,12,9.92,0,761,5.369,0
LN100804,61,Self-Employed,18,Metro,151623,4206106,Business,120,19.18,4,458,2.312,1
LN100805,38,Self-Employed,6,Rural,127860,2040351,Personal,60,13.45,4,677,1.33,0
LN100806,56,Salaried,2,Metro,109284,2354061,Business,12,16.86,0,542,1.795,0
LN100807,23,Self-Employed,13,Rural,62113,1101169,Business,24,7.82,1,846,1.477,0
LN100808,41,Self-Employed,29,Metro,69417,4265726,Home,24,20.24,4,384,5.121,1
LN100809,42,Self-Employed,2,Metro,166411,292938,Education,36,19.34,1,466,0.147,0
LN100810,34,Salaried,7,Tier-2,176174,1353680,Personal,120,15.36,1,495,0.64,1
LN100811,28,Salaried,27,Metro,69330,3866059,Education,24,15.28,4,304,4.647,1
LN100812,34,Salaried,24,Metro,94641,1731545,Education,48,15.43,2,317,1.525,1
LN100813,29,Business Owner,21,Rural,24396,4984859,Personal,84,18.06,1,393,17.028,1
LN100814,57,Business Owner,28,Rural,128304,3678940,Education,48,8.2,1,842,2.389,0
LN100815,23,Salaried,12,Metro,83523,4453029,Home,60,18.02,1,609,4.443,0
LN100816,46,Business Owner,25,Rural,80734,2943112,Business,84,7.2,2,848,3.038,0
LN100817,43,Self-Employed,7,Tier-2,111013,456037,Education,120,16.65,3,382,0.342,0
LN100818,45,Business Owner,18,Metro,78764,4514137,Home,12,7.29,4,880,4.776,0
LN100819,63,Salaried,22,Tier-2,171736,3960465,Personal,12,19.9,0,333,1.922,1
LN100820,32,Unemployed,26,Metro,66639,2911185,Medical,36,21.05,4,481,3.64,1
LN100821,37,Salaried,12,Rural,109453,863702,Vehicle,60,15.71,2,357,0.658,1
LN100822,52,Business Owner,16,Tier-2,121978,2622116,Medical,60,8.16,2,804,1.791,0
LN100823,26,Salaried,7,Metro,47519,459331,Business,36,9.57,0,811,0.806,0
LN100824,39,Salaried,20,Metro,20241,1243976,Home,36,16.62,0,507,5.122,1
LN100825,33,Salaried,20,Rural,142505,2679390,Business,120,7.48,4,894,1.567,0
LN100826,55,Salaried,24,Metro,170287,3303518,Home,84,14.82,1,314,1.617,1
LN100827,42,Self-Employed,14,Tier-1,137778,4680430,Education,36,16.85,3,541,2.831,0
LN100828,34,Salaried,17,Metro,179052,1826720,Home,120,11.66,0,715,0.85,0
LN100829,35,Salaried,26,Tier-2,33542,626560,Business,36,21.82,2,473,1.557,0
LN100830,25,Business Owner,10,Metro,60159,1321333,Vehicle,48,17.11,2,487,1.83,0
LN100831,38,Salaried,22,Tier-2,172336,3275775,Business,24,18.44,4,484,1.584,0
LN100832,45,Business Owner,3,Metro,65545,4789409,Home,36,14.4,3,587,6.089,0
LN100833,32,Salaried,21,Tier-1,46295,427629,Vehicle,120,18.43,4,583,0.77,0
LN100834,22,Salaried,6,Rural,195707,1461353,Medical,12,19.11,2,492,0.622,1
LN100835,30,Salaried,8,Tier-1,105743,395964,Home,48,14.0,1,575,0.312,0
LN100836,26,Salaried,8,Tier-2,42892,4712538,Home,84,11.67,3,693,9.156,1
LN100837,54,Salaried,21,Metro,99543,3108214,Medical,12,13.1,4,744,2.602,1
LN100838,33,Salaried,28,Tier-1,28700,2181569,Vehicle,120,17.01,0,625,6.334,1
LN100839,56,Salaried,24,Metro,58865,4415950,Vehicle,60,20.66,4,342,6.252,1
LN100840,57,Unemployed,16,Metro,156089,2368236,Home,36,8.18,0,856,1.264,0
LN100841,41,Salaried,1,Tier-1,61042,1597579,Medical,84,16.36,2,648,2.181,0
LN100842,33,Business Owner,8,Metro,108490,1008770,Medical,60,20.43,1,519,0.775,0
LN100843,34,Unemployed,4,Metro,22335,4907627,Personal,12,15.84,0,563,18.311,0
LN100844,46,Salaried,5,Metro,60795,917022,Vehicle,84,17.61,4,560,1.257,1
LN100845,42,Self-Employed,0,Metro,64796,1286404,Business,12,19.23,1,544,1.654,1
LN100846,55,Salaried,25,Rural,187936,4956058,Education,36,10.31,0,687,2.198,0
LN100847,38,Salaried,20,Tier-2,148409,3895032,Business,60,11.51,3,675,2.187,0
LN100848,31,Self-Employed,27,Tier-2,129224,991845,Business,36,18.61,0,387,0.64,0
LN100849,31,Salaried,14,Tier-2,137419,668904,Home,36,9.15,0,841,0.406,0
LN100850,38,Self-Employed,19,Tier-2,51938,4136644,Home,84,17.13,4,424,6.637,1
LN100851,24,Salaried,28,Tier-1,152113,199410,Education,48,20.74,3,467,0.109,0
LN100852,43,Salaried,28,Tier-1,85427,835047,Personal,36,15.72,4,515,0.815,0
LN100853,26,Unemployed,20,Metro,121553,2785693,Home,84,21.95,0,512,1.91,1
LN100854,43,Salaried,10,Tier-1,79157,2856807,Home,60,18.57,1,514,3.008,1
LN100855,62,Salaried,18,Tier-2,43825,4699494,Education,60,15.15,1,572,8.936,1
LN100856,56,Self-Employed,19,Rural,163264,4201776,Home,12,7.85,4,844,2.145,1
LN100857,60,Self-Employed,27,Rural,178489,372641,Personal,120,20.87,2,598,0.174,1
LN100858,21,Salaried,22,Metro,114162,1077875,Personal,24,9.99,3,784,0.787,1
LN100859,46,Business Owner,6,Metro,143058,3722537,Education,120,20.4,1,552,2.168,0
LN100860,38,Salaried,25,Rural,25523,4405801,Business,12,21.63,2,361,14.385,1
LN100861,31,Salaried,26,Metro,177275,963539,Vehicle,60,15.96,0,324,0.453,1
LN100862,32,Business Owner,0,Metro,142365,167472,Personal,48,15.99,3,585,0.098,0
LN100863,39,Salaried,11,Tier-2,24203,545317,Education,84,19.53,3,463,1.878,0
LN100864,29,Salaried,2,Tier-2,188218,1684355,Home,24,8.28,2,763,0.746,0
LN100865,50,Business Owner,13,Tier-2,101831,1652178,Business,36,20.5,3,493,1.352,0
LN100866,54,Salaried,10,Tier-2,44728,3739545,Medical,120,21.15,3,336,6.967,1
LN100867,32,Self-Employed,20,Tier-2,156862,377489,Business,36,9.87,0,767,0.201,0
LN100868,41,Salaried,0,Metro,176782,3632774,Personal,36,13.5,3,673,1.712,0
LN100869,49,Salaried,10,Metro,92518,1594478,Home,36,20.72,2,475,1.436,1
LN100870,55,Salaried,13,Rural,49081,126909,Education,120,7.69,0,765,0.215,0
LN100871,42,Salaried,27,Tier-1,114305,3239607,Home,60,11.93,4,696,2.362,0
LN100872,44,Salaried,3,Tier-1,131374,2302395,Medical,60,13.08,2,715,1.46,0
LN100873,27,Self-Employed,26,Metro,36926,3014920,Personal,36,19.18,0,468,6.804,1
LN100874,50,Self-Employed,20,Metro,138033,700486,Business,12,9.19,2,774,0.423,1
LN100875,29,Business Owner,22,Metro,198005,2185865,Medical,24,17.48,3,393,0.92,0
LN100876,37,Business Owner,8,Tier-1,172071,3291717,Business,60,18.47,2,402,1.594,0
LN100877,32,Salaried,20,Tier-1,113349,3637376,Medical,36,14.53,1,626,2.674,0
LN100878,39,Business Owner,16,Metro,172908,2584728,Personal,12,8.96,1,857,1.246,0
LN100879,28,Salaried,23,Metro,20726,4184198,Medical,120,21.78,2,304,16.823,0
LN100880,40,Salaried,19,Metro,60239,774815,Vehicle,120,7.02,3,898,1.072,0
LN100881,55,Unemployed,14,Metro,59127,3298906,Business,60,18.05,2,457,4.649,1
LN100882,63,Business Owner,0,Metro,192265,4713352,Education,84,11.12,1,691,2.043,0
LN100883,24,Salaried,10,Tier-1,21222,4553403,Business,24,17.13,4,544,17.88,0
LN100884,50,Self-Employed,9,Tier-1,17012,3558194,Medical,12,15.91,3,645,17.43,0
LN100885,64,Salaried,1,Metro,115782,957111,Education,84,16.99,1,624,0.689,0
LN100886,42,Salaried,12,Metro,25084,1576135,Home,36,9.01,1,851,5.236,0
LN100887,48,Business Owner,1,Tier-1,199682,1625414,Vehicle,24,15.47,4,634,0.678,0
LN100888,56,Salaried,27,Tier-1,61648,4282064,Medical,120,11.65,1,665,5.788,0
LN100889,64,Business Owner,15,Tier-1,99992,2460199,Business,120,8.65,4,783,2.05,1
LN100890,52,Salaried,27,Tier-1,120349,2919358,Education,48,11.91,1,674,2.021,0
LN100891,43,Self-Employed,11,Tier-2,42308,3788086,Business,120,7.35,0,764,7.461,0
LN100892,42,Salaried,28,Tier-1,161047,3514423,Vehicle,120,20.67,1,406,1.819,0
LN100893,42,Self-Employed,3,Metro,195034,870769,Personal,84,18.93,0,329,0.372,1
LN100894,36,Salaried,10,Tier-1,70131,4049189,Home,84,18.79,0,302,4.811,0
LN100895,28,Unemployed,2,Metro,189310,1214415,Personal,24,14.8,0,627,0.535,0
LN100896,45,Unemployed,15,Metro,36536,1360277,Education,24,16.96,3,320,3.103,1
LN100897,21,Self-Employed,14,Tier-2,25255,4494850,Vehicle,84,10.69,1,715,14.832,0
LN100898,47,Salaried,9,Metro,138458,1670747,Personal,84,13.47,1,696,1.006,0
LN100899,41,Salaried,16,Tier-2,71600,2483546,Business,120,21.07,2,464,2.891,0
LN100900,30,Salaried,21,Metro,118336,4597052,Home,48,8.82,1,813,3.237,0
LN100901,61,Self-Employed,19,Tier-1,54134,3458119,Medical,120,20.57,4,465,5.323,0
LN100902,22,Self-Employed,23,Tier-1,162424,616047,Home,60,14.65,2,471,0.316,1
LN100903,33,Salaried,28,Tier-2,151959,1475741,Medical,84,13.17,4,675,0.809,0
LN100904,45,Salaried,20,Metro,151082,1931503,Personal,120,21.68,4,313,1.065,1
LN100905,29,Salaried,20,Tier-2,67038,4686588,Business,120,7.11,0,784,5.826,0
LN100906,49,Salaried,4,Tier-2,67251,1909406,Medical,12,16.82,3,336,2.366,1
LN100907,35,Salaried,11,Metro,108160,3980220,Personal,60,19.8,1,463,3.067,1
LN100908,55,Salaried,27,Tier-2,145973,1153037,Vehicle,24,19.39,2,320,0.658,0
LN100909,43,Salaried,29,Rural,98126,3811261,Home,120,8.05,4,896,3.237,1
LN100910,21,Salaried,8,Rural,147651,469334,Personal,120,19.35,2,347,0.265,1
LN100911,45,Self-Employed,27,Metro,87338,4342184,Vehicle,60,20.39,1,545,4.143,1
LN100912,23,Self-Employed,5,Metro,108887,1363230,Education,48,17.42,2,396,1.043,1
LN100913,51,Salaried,25,Rural,29587,155922,Education,48,7.35,0,829,0.439,0
LN100914,37,Business Owner,6,Tier-1,169777,3935127,Business,48,19.8,2,546,1.932,0
LN100915,36,Salaried,7,Tier-2,190697,4725648,Medical,84,15.52,1,310,2.065,0
LN100916,58,Salaried,2,Rural,37103,4098784,Home,60,15.17,0,390,9.206,1
LN100917,34,Salaried,22,Tier-1,67463,4302943,Home,36,20.3,0,474,5.315,1
LN100918,48,Salaried,21,Metro,165774,3638377,Education,84,19.27,2,600,1.829,0
LN100919,38,Unemployed,20,Rural,67421,4540761,Education,36,20.62,1,406,5.612,1
LN100920,57,Salaried,0,Metro,84189,4615242,Medical,24,14.09,2,565,4.568,1
LN100921,61,Salaried,28,Tier-1,79451,4124859,Home,36,14.71,4,331,4.326,1
LN100922,23,Unemployed,9,Tier-2,144977,530447,Business,24,9.05,4,832,0.305,0
LN100923,50,Salaried,16,Tier-1,185890,806606,Vehicle,60,21.88,2,304,0.362,0
LN100924,28,Salaried,19,Tier-2,96429,2042028,Business,84,8.6,0,862,1.765,0
LN100925,54,Business Owner,24,Tier-1,198713,2545349,Education,12,12.43,1,708,1.067,0
LN100926,44,Salaried,4,Metro,86999,3936416,Home,84,16.44,2,632,3.771,0
LN100927,36,Salaried,7,Rural,99518,3480366,Education,120,7.37,3,805,2.914,0
LN100928,28,Salaried,4,Metro,27806,968925,Personal,60,18.0,1,531,2.904,1
LN100929,51,Salaried,9,Tier-1,70622,127642,Personal,12,20.32,1,398,0.151,1
LN100930,43,Business Owner,1,Tier-1,59704,4705432,Personal,120,19.94,2,629,6.568,0
LN100931,56,Salaried,21,Tier-1,95962,2193853,Education,48,8.1,0,894,1.905,0
LN100932,47,Self-Employed,3,Tier-1,170206,4352226,Education,24,20.33,4,319,2.131,1
LN100933,55,Self-Employed,18,Tier-2,32683,2937283,Business,120,11.93,2,713,7.489,0
LN100934,60,Salaried,15,Metro,179754,1374259,Home,84,19.21,2,629,0.637,0
LN100935,44,Self-Employed,28,Metro,41989,3276730,Business,84,11.24,1,739,6.503,0
LN100936,56,Self-Employed,4,Rural,112215,2533877,Medical,36,7.28,3,860,1.882,1
LN100937,55,Salaried,11,Rural,87774,2969407,Business,84,18.08,3,387,2.819,1
LN100938,58,Salaried,4,Metro,69218,4566579,Education,120,17.45,1,540,5.498,1
LN100939,31,Salaried,18,Tier-1,21064,3125448,Business,60,16.3,2,561,12.365,0
LN100940,29,Salaried,16,Tier-1,111508,1808414,Vehicle,84,9.07,0,879,1.351,0
LN100941,43,Salaried,14,Tier-2,30687,4551253,Business,12,18.71,3,505,12.359,0
LN100942,40,Salaried,19,Rural,48421,224969,Business,48,12.61,4,708,0.387,1
LN100943,55,Business Owner,9,Tier-1,154568,917420,Vehicle,48,16.33,4,318,0.495,1
LN100944,58,Self-Employed,6,Rural,147159,2732827,Home,120,19.35,2,533,1.548,0
LN100945,61,Salaried,21,Tier-1,142093,1358524,Medical,48,18.56,2,333,0.797,0
LN100946,23,Self-Employed,22,Tier-2,80832,1534099,Medical,36,17.66,3,610,1.582,0
LN100947,32,Salaried,26,Tier-1,130724,427626,Business,60,13.12,2,664,0.273,0
LN100948,41,Salaried,12,Tier-1,41237,2826391,Vehicle,84,17.02,4,552,5.712,0
LN100949,26,Business Owner,16,Metro,145510,2068527,Personal,48,20.73,3,611,1.185,1
LN100950,33,Self-Employed,1,Tier-1,165000,4653340,Personal,12,7.43,3,827,2.35,0
LN100951,29,Self-Employed,7,Metro,52485,3918979,Home,48,17.46,1,304,6.222,0
LN100952,37,Self-Employed,6,Tier-1,15802,4883553,Home,24,14.21,1,413,25.754,1
LN100953,28,Salaried,10,Metro,151782,4168253,Home,48,20.88,1,634,2.289,0
LN100954,46,Unemployed,15,Tier-2,142202,774785,Education,24,8.23,0,826,0.454,0
LN100955,24,Salaried,12,Metro,38698,3279454,Business,48,8.21,2,814,7.062,0
LN100956,60,Salaried,24,Metro,140788,116340,Education,12,16.04,2,597,0.069,0
LN100957,57,Salaried,14,Tier-2,34531,3562763,Medical,12,17.92,0,506,8.598,0
LN100958,27,Salaried,10,Metro,110588,4721565,Vehicle,12,11.05,0,709,3.558,1
LN100959,50,Salaried,13,Tier-2,92734,2439231,Home,12,16.67,3,443,2.192,1
LN100960,33,Salaried,11,Tier-1,145574,1791276,Home,120,19.31,3,560,1.025,0
LN100961,49,Salaried,11,Metro,84643,1500514,Home,36,15.77,0,599,1.477,0
LN100962,64,Self-Employed,24,Tier-1,43793,2937338,Vehicle,12,14.48,3,553,5.589,1
LN100963,45,Unemployed,10,Tier-1,177644,4440240,Home,24,19.45,2,599,2.083,1
LN100964,30,Salaried,16,Tier-1,94558,3732555,Vehicle,24,8.15,0,867,3.289,0
LN100965,63,Self-Employed,1,Tier-1,24332,2007606,Business,36,7.92,4,793,6.876,0
LN100966,34,Salaried,24,Metro,167104,2455601,Business,24,17.04,4,392,1.225,0
LN100967,22,Salaried,22,Tier-2,197934,3811075,Vehicle,120,15.47,0,403,1.605,0
LN100968,57,Salaried,15,Tier-1,110032,1989726,Medical,48,14.44,1,330,1.507,0
LN100969,22,Self-Employed,7,Tier-1,146080,3527014,Personal,36,11.72,2,698,2.012,0
LN100970,22,Self-Employed,12,Tier-1,91357,3604867,Education,12,19.9,0,473,3.288,1
LN100971,36,Business Owner,28,Tier-2,18488,3877314,Personal,12,21.28,4,440,17.477,1
LN100972,40,Salaried,2,Tier-2,23814,3465164,Medical,12,11.11,3,715,12.126,0
LN100973,32,Business Owner,25,Tier-1,15320,4283255,Education,24,15.41,0,420,23.299,1
LN100974,25,Salaried,0,Tier-2,174936,4181972,Medical,36,13.06,3,706,1.992,0
LN100975,39,Self-Employed,10,Tier-2,22684,4279973,Home,84,7.69,0,809,15.723,1
LN100976,64,Unemployed,27,Tier-2,194100,2504899,Business,24,18.11,2,583,1.075,1
LN100977,54,Salaried,18,Tier-2,61482,3775369,Education,60,18.98,4,455,5.117,1
LN100978,36,Salaried,25,Tier-2,62803,407437,Education,60,9.41,2,891,0.541,0
LN100979,46,Salaried,8,Tier-2,102123,2212523,Home,48,8.31,2,799,1.805,0
LN100980,41,Self-Employed,10,Tier-1,99217,2707018,Education,36,9.49,4,852,2.274,1
LN100981,24,Unemployed,10,Tier-2,93166,3182740,Vehicle,60,12.13,4,666,2.847,0
LN100982,35,Unemployed,1,Rural,149260,2028999,Personal,36,7.4,0,867,1.133,1
LN100983,57,Salaried,12,Metro,109102,4402692,Vehicle,12,8.39,3,830,3.363,0
LN100984,38,Self-Employed,9,Tier-1,96743,931591,Personal,84,15.68,3,546,0.802,1
LN100985,57,Self-Employed,28,Tier-1,112656,4004259,Home,120,20.88,2,511,2.962,1
LN100986,46,Self-Employed,20,Metro,172312,239022,Medical,36,9.18,3,890,0.116,0
LN100987,26,Self-Employed,1,Tier-1,96450,635031,Business,24,7.98,1,787,0.549,0
LN100988,33,Business Owner,11,Metro,58467,3728009,Education,60,10.64,3,737,5.314,1
LN100989,43,Self-Employed,13,Tier-1,48854,2129272,Medical,12,18.6,1,462,3.632,1
LN100990,35,Salaried,0,Metro,141627,1182329,Home,36,9.69,0,809,0.696,0
LN100991,36,Business Owner,10,Tier-2,127592,3889908,Business,36,17.45,4,551,2.541,0
LN100992,32,Salaried,22,Tier-2,30113,4015373,Business,120,18.18,0,424,11.112,0
LN100993,32,Salaried,10,Metro,96220,1104633,Medical,12,20.07,3,586,0.957,0
LN100994,39,Salaried,26,Metro,22241,3720082,Medical,12,11.68,1,709,13.939,0
LN100995,44,Business Owner,13,Tier-1,94045,640632,Personal,84,18.34,1,475,0.568,0
LN100996,54,Salaried,2,Tier-2,153461,971064,Business,120,19.96,4,540,0.527,1
LN100997,33,Salaried,15,Metro,164015,4570924,Vehicle,12,21.17,1,315,2.322,0
LN100998,42,Salaried,20,Tier-2,76726,2381865,Education,48,7.66,1,849,2.587,0
LN100999,37,Self-Employed,16,Tier-1,188490,4841036,Business,36,14.49,0,580,2.14,0
LN101000,53,Salaried,25,Rural,61831,4588486,Home,48,15.12,1,432,6.184,0
LN101001,29,Self-Employed,7,Tier-1,58285,2775457,Vehicle,12,11.98,2,675,3.968,1
LN101002,50,Salaried,28,Tier-1,103448,1621236,Business,84,9.36,2,893,1.306,0
LN101003,37,Salaried,8,Rural,120846,58548,Vehicle,120,9.74,4,857,0.04,1
LN101004,37,Salaried,11,Tier-1,156068,2430051,Business,36,16.51,4,337,1.298,1
LN101005,23,Salaried,26,Metro,192277,3800212,Education,24,10.57,0,687,1.647,0
LN101006,51,Salaried,1,Tier-1,111931,3305511,Personal,24,17.73,4,362,2.461,0
LN101007,25,Salaried,24,Rural,103529,2200319,Medical,120,17.05,3,476,1.771,0
LN101008,60,Salaried,2,Tier-1,23368,3891796,Education,84,8.12,0,810,13.879,0
LN101009,47,Business Owner,10,Tier-1,112682,298108,Vehicle,60,18.68,3,384,0.22,1
LN101010,47,Salaried,17,Tier-2,190832,4080032,Business,120,13.63,3,671,1.782,0
LN101011,51,Salaried,1,Rural,180561,1256387,Personal,120,21.18,2,607,0.58,0
LN101012,51,Salaried,19,Metro,132881,3144461,Medical,24,17.55,0,433,1.972,1
LN101013,45,Salaried,27,Tier-2,38572,4616026,Education,12,9.73,0,767,9.973,0
LN101014,54,Salaried,8,Tier-2,190223,390943,Medical,24,11.89,4,692,0.171,0
LN101015,35,Business Owner,11,Tier-2,105428,1268227,Business,24,12.47,2,657,1.002,0
LN101016,49,Salaried,12,Tier-1,155847,4123994,Personal,24,15.59,1,516,2.205,0
LN101017,45,Salaried,9,Tier-1,130538,182807,Personal,84,8.61,1,808,0.117,1
LN101018,48,Unemployed,0,Tier-2,199773,4079080,Education,36,10.9,2,677,1.702,0
LN101019,52,Unemployed,2,Metro,27286,468540,Vehicle,12,17.44,4,538,1.431,1
LN101020,35,Salaried,20,Tier-1,184547,3031244,Medical,12,16.7,2,362,1.369,1
LN101021,39,Business Owner,16,Metro,30748,761665,Education,84,14.78,3,420,2.064,1
LN101022,64,Self-Employed,10,Metro,64409,2451871,Business,48,7.88,4,879,3.172,1
LN101023,25,Salaried,19,Metro,156069,2070822,Medical,84,21.6,0,338,1.106,1
LN101024,38,Self-Employed,24,Tier-2,86001,4639306,Personal,12,18.31,2,609,4.495,0
LN101025,34,Self-Employed,4,Metro,113349,763341,Vehicle,60,19.36,4,494,0.561,1
LN101026,25,Salaried,26,Tier-1,118619,978700,Medical,120,14.19,1,554,0.688,0
LN101027,51,Self-Employed,25,Tier-1,156481,4148865,Business,24,8.72,4,798,2.209,1
LN101028,63,Salaried,25,Metro,198061,3113626,Home,12,9.91,2,871,1.31,0
LN101029,64,Self-Employed,25,Metro,59807,3116813,Education,12,8.72,2,804,4.343,0
LN101030,28,Salaried,11,Metro,18331,862503,Medical,24,10.19,2,670,3.921,0
LN101031,62,Self-Employed,9,Metro,28122,633549,Education,84,21.35,3,491,1.877,1
LN101032,50,Salaried,3,Rural,62177,712781,Personal,84,18.7,1,612,0.955,0
LN101033,23,Self-Employed,29,Tier-2,93060,520662,Business,120,9.42,4,868,0.466,0
LN101034,62,Salaried,27,Tier-2,59792,3507352,Home,48,12.7,2,675,4.888,0
LN101035,41,Salaried,26,Tier-1,131983,2417690,Education,84,17.4,4,392,1.527,0
LN101036,44,Self-Employed,0,Tier-1,42655,4666956,Vehicle,36,12.87,3,679,9.118,1
LN101037,41,Self-Employed,17,Rural,158382,2654044,Home,48,9.13,1,870,1.396,1
LN101038,40,Salaried,14,Rural,22138,3454781,Personal,36,7.29,1,846,13.005,0
LN101039,59,Salaried,23,Tier-1,84470,3840906,Education,60,20.94,1,623,3.789,0
LN101040,45,Salaried,11,Tier-2,183665,2978638,Personal,120,11.82,3,709,1.351,1
LN101041,41,Salaried,17,Tier-1,119957,4783912,Business,84,20.96,2,337,3.323,1
LN101042,60,Business Owner,23,Tier-2,65452,2160898,Medical,120,7.47,0,779,2.751,0
LN101043,23,Business Owner,18,Tier-2,99556,2243169,Medical,60,7.78,3,862,1.878,0
LN101044,28,Salaried,24,Metro,45349,559638,Vehicle,120,11.44,1,689,1.028,0
LN101045,54,Salaried,23,Tier-1,26739,1551128,Vehicle,24,15.13,2,322,4.834,0
LN101046,34,Salaried,1,Tier-1,57940,4462641,Personal,12,20.08,4,589,6.418,0
LN101047,42,Self-Employed,21,Tier-1,160385,2790841,Medical,84,7.97,4,895,1.45,1
LN101048,52,Salaried,10,Tier-2,136558,318329,Personal,120,14.5,0,514,0.194,0
LN101049,47,Unemployed,29,Metro,29402,2268107,Education,48,9.08,4,763,6.428,0
LN101050,46,Salaried,14,Tier-1,135146,3256393,Home,36,11.2,3,730,2.008,0
LN101051,62,Unemployed,15,Metro,153572,2094245,Vehicle,48,8.09,0,807,1.136,1
LN101052,59,Self-Employed,1,Metro,181224,602058,Home,84,17.35,1,577,0.277,0
LN101053,28,Salaried,11,Metro,159203,1339722,Vehicle,48,21.41,2,524,0.701,0
LN101054,61,Salaried,7,Metro,129624,2463270,Vehicle,84,7.91,1,871,1.584,0
LN101055,45,Self-Employed,13,Tier-2,183389,3660242,Medical,48,9.36,0,759,1.663,0
LN101056,22,Business Owner,11,Tier-2,192405,2460791,Home,12,8.92,2,761,1.066,0
LN101057,27,Self-Employed,21,Tier-1,175627,4621435,Business,36,11.48,4,675,2.193,0
LN101058,36,Salaried,18,Metro,120653,3137668,Personal,84,14.31,3,464,2.167,1
LN101059,25,Salaried,21,Tier-2,59183,3620480,Medical,36,13.7,3,692,5.098,1
LN101060,45,Salaried,19,Tier-2,117973,3377094,Personal,48,18.86,0,584,2.385,1
LN101061,26,Self-Employed,28,Tier-2,61721,4172754,Vehicle,12,9.14,3,823,5.634,0
LN101062,34,Salaried,2,Tier-1,71666,2907201,Vehicle,120,21.17,0,427,3.38,0
LN101063,41,Salaried,25,Tier-2,198408,4475217,Medical,24,18.57,1,551,1.88,1
LN101064,34,Salaried,8,Rural,142563,4325426,Medical,12,19.13,3,391,2.528,1
LN101065,55,Business Owner,8,Tier-2,39209,2088304,Business,84,12.97,4,677,4.438,1
LN101066,51,Salaried,13,Tier-2,125125,2348897,Business,60,21.61,2,423,1.564,0
LN101067,23,Self-Employed,16,Metro,38028,4381757,Business,36,17.5,1,429,9.602,0
LN101068,49,Self-Employed,22,Tier-2,59793,4286576,Personal,120,10.47,0,651,5.974,0
LN101069,30,Salaried,8,Tier-2,20458,2767610,Personal,60,9.21,3,851,11.274,1
LN101070,35,Salaried,0,Tier-2,176950,3113507,Vehicle,36,8.49,2,792,1.466,0
LN101071,40,Salaried,9,Metro,121786,1966479,Education,48,21.95,2,386,1.346,0
LN101072,26,Business Owner,23,Rural,129978,1388063,Personal,120,19.19,2,305,0.89,1
LN101073,55,Salaried,10,Tier-1,94357,1954663,Business,48,15.33,0,598,1.726,0
LN101074,37,Salaried,14,Tier-1,184480,711920,Personal,120,21.64,1,459,0.322,0
LN101075,22,Salaried,28,Tier-1,107319,1081201,Business,120,7.32,1,804,0.84,0
LN101076,60,Business Owner,6,Metro,109230,522288,Home,36,21.13,3,460,0.398,1
LN101077,28,Business Owner,22,Metro,65771,3388518,Education,12,15.93,1,575,4.293,1
LN101078,29,Salaried,0,Metro,135978,3080262,Education,84,19.02,3,357,1.888,0
LN101079,64,Business Owner,21,Tier-2,157049,3529985,Vehicle,48,18.75,1,512,1.873,0
LN101080,28,Self-Employed,3,Tier-2,115531,217298,Vehicle,24,8.5,0,776,0.157,0
LN101081,49,Salaried,14,Tier-2,69691,2066096,Home,12,13.77,0,703,2.471,0
LN101082,34,Salaried,0,Metro,58228,3504578,Personal,36,21.15,1,444,5.016,0
LN101083,39,Salaried,11,Metro,98302,4181597,Business,60,7.54,3,752,3.545,0
LN101084,59,Salaried,21,Tier-2,39137,270681,Medical,36,12.76,0,745,0.576,0
LN101085,41,Salaried,18,Metro,181565,387642,Business,120,8.45,4,890,0.178,0
LN101086,50,Business Owner,16,Tier-2,52424,3979052,Medical,84,16.07,4,466,6.325,1
LN101087,33,Salaried,28,Rural,152846,2640585,Personal,36,15.42,2,569,1.44,0
LN101088,42,Self-Employed,10,Tier-2,115373,2916301,Education,48,17.5,0,488,2.106,1
LN101089,37,Salaried,21,Metro,85722,1631814,Home,12,20.93,1,456,1.586,0
LN101090,35,Self-Employed,24,Rural,129217,1477190,Vehicle,48,13.12,3,746,0.953,1
LN101091,21,Self-Employed,19,Tier-1,20037,1010828,Education,24,15.56,4,481,4.204,1
LN101092,41,Self-Employed,29,Tier-1,96888,4668427,Vehicle,60,19.97,0,459,4.015,0
LN101093,30,Salaried,7,Rural,107813,4857417,Personal,60,17.51,0,358,3.755,0
LN101094,31,Self-Employed,5,Tier-2,27237,4922661,Personal,60,18.17,2,575,15.061,0
LN101095,55,Salaried,3,Rural,162443,3656525,Personal,48,9.41,3,860,1.876,0
LN101096,63,Salaried,6,Metro,72422,2033830,Personal,120,19.76,4,552,2.34,0
LN101097,57,Salaried,21,Tier-1,171388,2475023,Home,48,19.65,2,556,1.203,0
LN101098,36,Self-Employed,2,Metro,162087,1319623,Home,48,17.38,1,422,0.678,1
LN101099,46,Business Owner,20,Tier-1,80074,993498,Home,24,16.49,2,524,1.034,1
LN101100,52,Salaried,7,Metro,102032,4524355,Vehicle,24,12.91,3,740,3.695,0
LN101101,51,Salaried,27,Tier-1,162535,1762929,Business,120,7.22,2,884,0.904,0
LN101102,23,Salaried,25,Tier-1,175579,1708945,Business,84,15.19,0,383,0.811,1
LN101103,22,Business Owner,7,Tier-1,76870,3438610,Education,12,9.14,2,750,3.728,1
LN101104,52,Salaried,24,Tier-2,109364,2529869,Business,48,8.21,4,754,1.928,1
LN101105,35,Unemployed,19,Metro,60454,3839431,Personal,36,12.75,2,749,5.292,0
LN101106,58,Business Owner,1,Rural,171758,2785872,Vehicle,36,7.71,2,880,1.352,0
LN101107,57,Salaried,20,Rural,177741,3000724,Vehicle,60,21.5,0,344,1.407,0
LN101108,26,Self-Employed,4,Tier-2,25106,2367580,Medical,36,13.89,4,685,7.859,1
LN101109,22,Salaried,13,Metro,30423,4258249,Medical,12,9.29,2,795,11.664,1
LN101110,53,Salaried,29,Tier-1,78946,1750996,Business,84,15.96,0,520,1.848,0
LN101111,61,Salaried,15,Rural,91234,2062265,Vehicle,48,7.85,4,754,1.884,1
LN101112,28,Salaried,22,Metro,154981,1309722,Vehicle,36,8.27,2,781,0.704,0
LN101113,49,Self-Employed,18,Tier-1,164773,3461413,Vehicle,36,8.87,4,891,1.751,1
LN101114,61,Business Owner,3,Metro,89280,1360381,Home,84,9.11,1,762,1.27,0
LN101115,51,Salaried,22,Tier-1,96077,4124456,Vehicle,84,8.5,1,873,3.577,0
LN101116,39,Salaried,17,Tier-2,39695,3153544,Education,12,18.44,3,376,6.62,0
LN101117,56,Unemployed,6,Rural,33506,2066330,Medical,84,7.58,4,842,5.139,1
LN101118,45,Business Owner,7,Metro,45909,108110,Vehicle,12,9.03,2,830,0.196,0
LN101119,30,Salaried,27,Metro,199439,4705094,Vehicle,84,17.31,4,382,1.966,1
LN101120,49,Self-Employed,17,Tier-2,76279,2362465,Home,24,19.92,3,391,2.581,1
LN101121,43,Business Owner,22,Tier-1,112524,292003,Medical,36,21.15,0,375,0.216,1
LN101122,39,Business Owner,24,Metro,24259,2608783,Home,120,15.16,4,578,8.962,1
LN101123,54,Self-Employed,9,Metro,103311,3697054,Vehicle,36,14.5,1,311,2.982,0
LN101124,36,Self-Employed,15,Tier-1,108217,3416917,Education,24,21.17,3,315,2.631,1
LN101125,51,Salaried,13,Tier-2,189708,2496238,Personal,12,11.74,0,691,1.097,0
LN101126,29,Salaried,18,Tier-2,157630,556321,Education,48,18.16,2,367,0.294,1
LN101127,44,Salaried,24,Metro,132252,2264767,Personal,36,17.66,2,518,1.427,0
LN101128,32,Salaried,22,Rural,35980,3104225,Medical,120,13.44,4,696,7.19,0
LN101129,49,Salaried,23,Tier-1,98936,4875752,Home,60,19.07,4,632,4.107,1
LN101130,63,Salaried,20,Tier-1,120125,683523,Medical,24,14.96,0,318,0.474,0
LN101131,28,Unemployed,9,Tier-2,77845,955506,Medical,12,15.09,3,337,1.023,1
LN101132,31,Salaried,7,Tier-2,130757,1401288,Business,36,7.12,1,883,0.893,0
LN101133,31,Salaried,21,Metro,51839,4211357,Home,24,20.0,3,418,6.77,1
LN101134,57,Unemployed,14,Tier-1,20713,2637320,Education,84,14.69,0,330,10.611,1
LN101135,23,Salaried,13,Metro,37008,1856391,Personal,60,9.5,0,813,4.18,0
LN101136,32,Salaried,22,Tier-1,148323,2441776,Vehicle,48,16.36,0,336,1.372,1
LN101137,26,Unemployed,27,Metro,22438,3815172,Business,36,14.29,2,649,14.169,1
LN101138,55,Salaried,23,Metro,83891,2682881,Education,12,14.14,4,475,2.665,0
LN101139,54,Salaried,16,Tier-1,162436,4244456,Vehicle,12,21.12,4,511,2.178,1
LN101140,43,Business Owner,23,Tier-1,172543,216163,Education,24,9.5,4,839,0.104,0
LN101141,60,Business Owner,8,Tier-2,39289,158743,Vehicle,84,15.6,4,621,0.337,0
LN101142,31,Salaried,11,Tier-1,192519,2209836,Home,24,15.15,4,401,0.957,1
LN101143,55,Salaried,10,Tier-1,28677,3975316,Business,120,11.72,4,665,11.552,0
LN101144,59,Salaried,17,Tier-2,39948,4458729,Medical,84,17.23,2,516,9.301,1
LN101145,51,Business Owner,27,Tier-1,30115,664862,Home,12,21.46,1,474,1.84,1
LN101146,33,Self-Employed,29,Metro,77413,4441891,Business,84,9.53,0,822,4.782,0
LN101147,35,Unemployed,7,Tier-1,76508,4055186,Vehicle,120,10.87,2,705,4.417,1
LN101148,35,Salaried,23,Metro,133332,4146232,Medical,60,12.97,1,690,2.591,0
LN101149,32,Unemployed,9,Tier-1,39267,475316,Home,36,7.3,3,873,1.009,0
LN101150,62,Salaried,14,Tier-1,19874,2456026,Business,60,13.66,1,707,10.298,1
LN101151,47,Salaried,10,Metro,18559,2106222,Business,12,12.55,4,689,9.457,0
LN101152,28,Salaried,28,Tier-2,89973,1779628,Medical,60,9.44,0,856,1.648,0
LN101153,21,Salaried,18,Tier-2,89129,3085066,Home,36,11.49,3,725,2.884,0
LN101154,52,Salaried,23,Metro,48572,2349100,Home,24,15.99,1,471,4.03,0
LN101155,48,Salaried,28,Tier-2,41415,3217258,Business,84,12.44,0,650,6.474,1
LN101156,64,Salaried,13,Tier-2,148980,232900,Medical,84,19.3,1,495,0.13,0
LN101157,34,Business Owner,16,Tier-2,26695,122615,Personal,48,9.44,4,758,0.383,0
LN101158,34,Salaried,14,Metro,27849,2380952,Vehicle,120,17.82,0,498,7.125,0
LN101159,47,Salaried,1,Rural,134721,1186852,Medical,24,15.39,1,349,0.734,0
LN101160,27,Salaried,12,Tier-2,188477,2995334,Vehicle,24,10.4,4,738,1.324,1
LN101161,51,Salaried,23,Tier-1,199047,1444687,Medical,48,8.07,0,853,0.605,0
LN101162,51,Salaried,5,Metro,146356,966713,Education,24,15.77,4,311,0.55,1
LN101163,22,Self-Employed,13,Tier-2,172420,4417572,Medical,48,8.75,0,791,2.135,1
LN101164,23,Salaried,16,Metro,197212,2570162,Medical,84,17.2,1,472,1.086,0
LN101165,46,Business Owner,26,Metro,82233,3354435,Home,12,8.3,1,882,3.399,0
LN101166,45,Business Owner,6,Tier-1,67644,791872,Medical,48,7.69,4,815,0.976,1
LN101167,59,Salaried,15,Tier-1,171896,3730042,Personal,120,7.6,1,840,1.808,0
LN101168,54,Salaried,19,Metro,120562,1569842,Business,120,14.98,1,640,1.085,0
LN101169,43,Salaried,27,Rural,58570,2235798,Vehicle,36,16.72,0,494,3.181,1
LN101170,47,Self-Employed,1,Tier-1,75460,2921573,Home,48,7.74,3,877,3.226,0
LN101171,51,Salaried,19,Metro,164227,742449,Home,48,20.36,3,395,0.377,0
LN101172,29,Business Owner,9,Rural,62919,3506426,Business,12,7.26,2,793,4.644,1
LN101173,35,Business Owner,29,Metro,122188,1784864,Vehicle,24,18.01,3,432,1.217,1
LN101174,59,Salaried,10,Metro,106263,2579517,Personal,120,11.22,3,735,2.023,0
LN101175,51,Salaried,0,Tier-1,120401,2318554,Education,24,11.14,0,694,1.605,0
LN101176,48,Self-Employed,8,Tier-2,81225,3595821,Personal,60,9.23,2,806,3.689,0
LN101177,40,Self-Employed,23,Tier-1,130192,1969314,Personal,24,19.97,4,483,1.261,1
LN101178,56,Salaried,9,Tier-2,192586,2844605,Vehicle,120,11.2,4,677,1.231,0
LN101179,49,Salaried,4,Tier-1,152182,570672,Vehicle,24,14.55,2,629,0.312,0
LN101180,63,Salaried,22,Rural,196920,3032205,Vehicle,48,17.06,2,501,1.283,1
LN101181,63,Salaried,12,Metro,185586,4245231,Medical,84,20.48,4,647,1.906,0
LN101182,53,Salaried,26,Tier-2,16309,1252842,Personal,36,21.39,3,508,6.402,0
LN101183,53,Salaried,18,Tier-1,81067,1276010,Vehicle,84,21.44,2,376,1.312,0
LN101184,23,Salaried,16,Tier-1,69350,1941810,Home,12,7.43,2,805,2.333,0
LN101185,64,Salaried,0,Tier-1,64407,3761246,Vehicle,36,8.37,3,826,4.867,0
LN101186,45,Self-Employed,14,Tier-2,22385,1023823,Personal,84,18.2,3,372,3.811,1
LN101187,50,Business Owner,6,Metro,154034,3413952,Vehicle,24,7.28,4,803,1.847,0
LN101188,21,Salaried,6,Metro,30417,2662881,Home,120,17.55,0,344,7.295,1
LN101189,30,Business Owner,13,Metro,125750,3679608,Business,84,15.49,2,492,2.438,1
LN101190,31,Unemployed,0,Metro,22350,3255109,Business,36,19.7,0,363,12.137,1
LN101191,33,Self-Employed,7,Tier-2,133157,4940424,Medical,36,9.38,4,876,3.092,1
LN101192,27,Self-Employed,25,Metro,91490,693588,Business,60,7.09,1,809,0.632,0
LN101193,39,Salaried,8,Tier-1,83141,378721,Business,84,10.42,4,696,0.38,1
LN101194,38,Business Owner,27,Metro,183228,2062989,Home,36,10.27,3,748,0.938,0
LN101195,60,Salaried,24,Tier-2,130737,3695190,Education,24,13.41,1,707,2.355,0
LN101196,47,Self-Employed,15,Tier-2,76128,3290554,Home,36,8.88,0,837,3.602,0
LN101197,53,Self-Employed,7,Metro,105584,4548622,Education,36,15.56,2,596,3.59,0
LN101198,63,Salaried,13,Tier-2,50405,4609701,Education,36,8.84,4,843,7.621,0
LN101199,59,Self-Employed,12,Metro,159139,933160,Personal,60,20.78,4,503,0.489,0
LN101200,41,Salaried,4,Metro,104684,2290233,Medical,12,15.05,0,326,1.823,1
LN101201,32,Business Owner,6,Tier-1,179669,2573550,Medical,12,15.38,1,611,1.194,0
LN101202,52,Self-Employed,27,Metro,141258,4765688,Home,36,16.63,0,592,2.811,1
LN101203,29,Salaried,14,Tier-1,17999,3920516,Personal,36,8.85,1,889,18.152,1
LN101204,36,Self-Employed,18,Metro,35169,3603051,Medical,60,9.35,3,821,8.537,1
LN101205,23,Self-Employed,14,Metro,41657,4610225,Medical,12,10.09,2,721,9.223,0
LN101206,29,Self-Employed,1,Rural,145374,486891,Vehicle,84,16.03,2,375,0.279,1
LN101207,31,Salaried,3,Rural,37614,4614209,Home,60,10.93,4,725,10.223,0
LN101208,29,Salaried,6,Metro,77804,2080248,Vehicle,84,10.05,3,696,2.228,0
LN101209,45,Unemployed,4,Metro,155872,2071752,Home,60,14.5,2,390,1.108,1
LN101210,52,Salaried,25,Rural,154626,260032,Medical,120,17.21,1,307,0.14,0
LN101211,60,Salaried,6,Metro,167129,2294664,Personal,36,17.71,4,524,1.144,1
LN101212,37,Salaried,1,Rural,85294,702856,Personal,24,17.18,2,498,0.687,0
LN101213,23,Salaried,8,Rural,186032,2595803,Medical,60,11.56,0,742,1.163,0
LN101214,36,Salaried,3,Metro,133008,2150912,Education,84,8.21,0,813,1.348,0
LN101215,22,Business Owner,25,Tier-2,39794,4723056,Education,48,20.86,4,636,9.891,0
LN101216,55,Self-Employed,7,Metro,48609,1846748,Business,48,21.16,0,325,3.166,0
LN101217,63,Business Owner,14,Metro,171913,2189742,Personal,12,16.73,1,543,1.061,0
LN101218,31,Self-Employed,9,Tier-1,172910,874176,Business,120,8.43,4,860,0.421,0
LN101219,21,Salaried,2,Tier-2,21983,1720134,Personal,120,8.84,2,798,6.521,1
LN101220,56,Salaried,26,Tier-1,125162,3782900,Vehicle,48,15.47,3,358,2.519,1
LN101221,40,Salaried,14,Tier-1,74043,4124833,Personal,120,16.3,3,547,4.642,0
LN101222,46,Self-Employed,24,Rural,173235,2690191,Home,60,20.6,0,576,1.294,1
LN101223,53,Salaried,9,Tier-1,41851,3760983,Vehicle,36,10.34,4,697,7.489,0
LN101224,49,Self-Employed,8,Tier-2,54276,2757670,Vehicle,60,14.78,1,499,4.234,0
LN101225,53,Self-Employed,8,Tier-1,143771,2625405,Personal,120,14.52,0,570,1.522,0
LN101226,61,Salaried,12,Metro,140592,4095499,Personal,36,20.74,3,633,2.428,0
LN101227,61,Self-Employed,5,Metro,116546,1346948,Vehicle,24,21.98,0,549,0.963,1
LN101228,32,Salaried,0,Tier-1,77950,593572,Personal,84,11.45,2,749,0.635,0
LN101229,58,Salaried,7,Tier-2,23039,2837255,Personal,12,7.01,2,776,10.263,1
LN101230,47,Salaried,6,Tier-1,35228,3980121,Vehicle,120,12.83,3,732,9.415,1
LN101231,55,Salaried,28,Metro,45264,3442306,Business,48,11.05,1,665,6.337,0
LN101232,62,Self-Employed,6,Tier-1,56753,2942757,Personal,12,19.22,0,429,4.321,1
LN101233,48,Salaried,10,Tier-1,94679,1402890,Vehicle,84,16.32,1,540,1.235,0
LN101234,40,Business Owner,21,Tier-1,59246,3782835,Education,24,17.66,4,592,5.321,0
LN101235,30,Salaried,19,Metro,142445,4059627,Vehicle,84,9.68,3,769,2.375,0
LN101236,34,Unemployed,27,Tier-1,180544,294971,Medical,84,7.45,2,769,0.136,1
LN101237,31,Unemployed,24,Metro,57929,517197,Business,84,21.21,2,626,0.744,0
LN101238,35,Salaried,14,Metro,123976,3883413,Education,24,9.98,4,761,2.61,0
LN101239,61,Salaried,26,Metro,170808,2417943,Business,120,9.33,2,776,1.18,0
LN101240,22,Self-Employed,13,Rural,93486,450205,Vehicle,36,18.58,0,378,0.401,1
LN101241,53,Salaried,14,Tier-2,128335,4268099,Home,48,19.78,4,359,2.771,0
LN101242,31,Salaried,0,Tier-2,38442,3838964,Home,36,14.45,3,514,8.322,0
LN101243,45,Salaried,11,Tier-1,184880,3643246,Vehicle,120,18.82,3,423,1.642,1
LN101244,59,Salaried,4,Metro,67679,2911698,Home,120,17.58,4,640,3.585,0
LN101245,33,Self-Employed,4,Tier-1,68434,4079433,Education,84,14.57,3,326,4.968,0
LN101246,44,Salaried,19,Rural,159781,1155872,Business,36,19.51,0,600,0.603,0
LN101247,62,Salaried,1,Tier-1,84722,2034516,Education,12,15.09,4,471,2.001,1
LN101248,36,Self-Employed,20,Metro,115943,4807408,Medical,60,11.27,4,656,3.455,0
LN101249,57,Salaried,29,Metro,56341,196495,Home,36,20.65,4,630,0.291,0
LN101250,50,Salaried,21,Metro,158415,1644050,Business,84,8.6,0,825,0.865,0
LN101251,43,Salaried,7,Tier-1,59670,1263865,Education,12,13.54,3,668,1.765,0
LN101252,58,Self-Employed,28,Rural,113948,4900442,Home,60,15.47,4,375,3.584,0
LN101253,23,Salaried,4,Metro,61979,4936186,Medical,24,9.09,1,823,6.637,0
LN101254,39,Salaried,0,Tier-1,94846,1032576,Business,12,18.15,3,597,0.907,0
LN101255,45,Business Owner,5,Tier-1,95911,4683722,Personal,84,7.94,1,759,4.07,0
LN101256,38,Salaried,19,Tier-1,22416,1336132,Personal,60,9.53,4,892,4.967,1
LN101257,53,Salaried,11,Metro,112071,3619502,Personal,36,16.52,3,352,2.691,1
LN101258,47,Salaried,8,Metro,158371,4169458,Personal,120,21.78,3,643,2.194,1
LN101259,55,Salaried,13,Tier-1,122947,3576310,Vehicle,12,17.36,3,348,2.424,1
LN101260,25,Self-Employed,23,Tier-2,26961,3418053,Education,12,13.11,0,653,10.565,0
LN101261,23,Business Owner,11,Rural,144153,361280,Medical,60,18.08,4,529,0.209,0
LN101262,36,Salaried,3,Tier-1,16187,1539046,Education,48,15.52,0,343,7.923,0
LN101263,41,Self-Employed,18,Tier-2,42383,3610719,Vehicle,48,21.31,4,372,7.099,0
LN101264,28,Salaried,15,Tier-2,159870,4485282,Personal,12,10.57,1,692,2.338,0
LN101265,21,Salaried,0,Metro,49350,342321,Business,12,9.04,3,835,0.578,0
LN101266,42,Business Owner,3,Rural,172633,4191018,Personal,48,15.47,4,643,2.023,0
LN101267,50,Salaried,15,Tier-1,95670,3306937,Vehicle,24,17.75,0,491,2.881,1
LN101268,28,Salaried,24,Tier-1,144482,1592464,Home,24,11.26,4,736,0.918,1
LN101269,43,Salaried,0,Metro,35491,1710149,Medical,120,20.45,0,586,4.015,0
LN101270,58,Salaried,8,Tier-1,96373,1491735,Medical,60,19.72,1,516,1.29,0
LN101271,53,Self-Employed,4,Tier-2,199266,1446217,Education,24,16.73,2,361,0.605,1
LN101272,21,Salaried,15,Metro,62327,3965642,Education,36,16.44,2,479,5.302,1
LN101273,62,Salaried,2,Tier-2,139879,2233102,Personal,48,7.22,2,767,1.33,0
LN101274,21,Salaried,7,Tier-2,178697,830295,Vehicle,84,21.67,3,345,0.387,0
LN101275,22,Salaried,16,Metro,58960,3568869,Education,60,9.89,4,822,5.044,0
LN101276,58,Business Owner,17,Metro,80255,615167,Medical,12,20.68,3,331,0.639,0
LN101277,27,Business Owner,17,Tier-1,136664,3229524,Personal,12,20.14,1,567,1.969,0
LN101278,41,Self-Employed,29,Tier-1,171890,3764388,Home,120,8.37,3,878,1.825,0
LN101279,24,Salaried,0,Rural,76498,1736426,Home,12,7.8,0,821,1.892,0
LN101280,42,Self-Employed,2,Metro,93547,3528102,Business,12,9.23,0,852,3.143,0
LN101281,21,Salaried,28,Tier-2,129358,3232971,Personal,120,7.55,0,781,2.083,0
LN101282,58,Salaried,20,Tier-1,53591,2231996,Medical,60,18.93,1,436,3.471,0
LN101283,47,Salaried,24,Metro,72442,4802663,Vehicle,12,19.83,3,546,5.525,1
LN101284,47,Salaried,9,Tier-1,55811,3606339,Vehicle,120,9.46,0,817,5.385,0
LN101285,57,Self-Employed,11,Tier-2,54390,2275259,Medical,48,17.43,0,301,3.486,0
LN101286,41,Unemployed,0,Tier-1,134322,3743089,Personal,60,7.74,4,813,2.322,1
LN101287,39,Salaried,12,Tier-1,86046,235112,Education,12,21.75,4,623,0.228,0
LN101288,55,Salaried,22,Tier-1,64555,587162,Education,120,19.65,4,426,0.758,1
LN101289,64,Salaried,21,Tier-1,198976,2810735,Business,24,16.33,4,343,1.177,1
LN101290,28,Salaried,10,Metro,54287,2347566,Vehicle,120,17.64,2,484,3.604,0
LN101291,62,Business Owner,22,Rural,143064,2165436,Personal,12,15.54,2,362,1.261,1
LN101292,34,Self-Employed,17,Rural,30770,4219075,Business,120,16.04,1,314,11.426,0
LN101293,33,Salaried,14,Tier-1,66720,2051474,Education,36,18.57,2,634,2.562,0
LN101294,29,Salaried,20,Rural,65366,2933730,Medical,48,21.07,4,436,3.74,0
LN101295,40,Salaried,7,Tier-1,86992,2547920,Home,36,13.85,3,703,2.441,0
LN101296,62,Salaried,23,Metro,64642,2385504,Medical,48,12.29,1,665,3.075,0
LN101297,22,Business Owner,24,Rural,27016,3695424,Vehicle,24,17.42,1,609,11.399,1
LN101298,58,Salaried,25,Rural,153424,1711438,Home,120,8.68,1,888,0.93,0
LN101299,25,Salaried,23,Tier-2,134652,4794057,Medical,60,18.09,1,333,2.967,0
LN101300,31,Self-Employed,10,Metro,27971,3125130,Personal,12,18.23,2,340,9.311,0
LN101301,48,Salaried,16,Metro,55006,577458,Medical,120,14.32,4,325,0.875,1
LN101302,41,Self-Employed,22,Tier-1,64886,3492702,Home,36,11.32,3,652,4.486,0
LN101303,27,Self-Employed,1,Tier-1,134691,617937,Medical,84,19.37,2,480,0.382,1
LN101304,40,Salaried,21,Tier-2,182136,1464829,Education,24,20.67,3,371,0.67,1
LN101305,21,Self-Employed,3,Metro,81938,1774321,Vehicle,12,11.12,3,723,1.805,0
LN101306,53,Self-Employed,28,Tier-1,26620,202194,Home,120,21.8,3,577,0.633,0
LN101307,32,Salaried,16,Tier-2,175679,1801078,Personal,12,18.22,1,318,0.854,1
LN101308,35,Salaried,26,Metro,165218,4326648,Medical,36,21.15,3,530,2.182,0
LN101309,27,Salaried,23,Tier-1,117967,676703,Medical,36,17.98,0,432,0.478,1
LN101310,60,Salaried,29,Rural,197308,2429501,Home,24,8.13,4,794,1.026,0
LN101311,57,Salaried,18,Tier-1,59513,3831398,Personal,60,20.28,4,609,5.365,0
LN101312,55,Salaried,15,Tier-1,138159,2290092,Education,36,15.73,3,454,1.381,1
LN101313,29,Salaried,22,Rural,91290,3286726,Business,12,10.49,1,733,3.0,0
LN101314,55,Salaried,7,Tier-2,180618,4223259,Medical,84,14.73,1,613,1.949,0
LN101315,28,Salaried,5,Tier-1,50763,795729,Education,12,15.33,0,375,1.306,0
LN101316,46,Salaried,24,Tier-2,24132,1985710,Education,36,17.27,3,385,6.857,0
LN101317,57,Salaried,19,Tier-1,163467,2789290,Home,84,19.18,2,625,1.422,0
LN101318,23,Self-Employed,22,Tier-1,120524,183334,Personal,48,10.97,0,711,0.127,0
LN101319,45,Self-Employed,25,Metro,128775,3089265,Personal,60,7.03,1,766,1.999,0
LN101320,40,Salaried,8,Tier-1,46521,1376638,Personal,12,16.39,4,442,2.466,1
LN101321,33,Self-Employed,1,Metro,168736,4273077,Business,36,7.06,4,869,2.11,0
LN101322,43,Salaried,4,Metro,179947,2425676,Education,120,18.33,4,646,1.123,0
LN101323,25,Salaried,7,Tier-1,127736,511724,Personal,120,21.28,0,565,0.334,0
LN101324,43,Self-Employed,23,Tier-2,104239,2213178,Business,36,21.3,3,513,1.769,1
LN101325,41,Salaried,5,Metro,111554,4286846,Home,48,13.37,4,718,3.202,0
LN101326,63,Salaried,6,Metro,199934,380918,Medical,84,17.84,2,301,0.159,1
LN101327,62,Salaried,3,Metro,125816,4195667,Medical,36,8.83,2,844,2.779,0
LN101328,39,Business Owner,16,Metro,141648,896605,Home,48,16.22,4,360,0.527,0
LN101329,43,Salaried,4,Tier-2,19325,1163798,Business,60,17.87,0,434,5.019,0
LN101330,64,Salaried,2,Rural,193340,4236907,Home,120,9.39,4,837,1.826,0
LN101331,29,Business Owner,28,Tier-1,177361,4456214,Medical,60,9.98,1,850,2.094,0
LN101332,22,Salaried,5,Tier-2,184578,2604455,Personal,48,16.59,1,471,1.176,0
LN101333,55,Salaried,6,Tier-2,170635,2556469,Medical,24,16.13,2,426,1.249,0
LN101334,26,Salaried,16,Tier-2,171195,242446,Vehicle,84,21.82,3,436,0.118,1
LN101335,34,Self-Employed,2,Rural,68243,945659,Vehicle,84,12.34,3,654,1.155,1
LN101336,40,Self-Employed,9,Metro,20921,2981862,Medical,12,20.05,2,470,11.877,1
LN101337,55,Self-Employed,13,Tier-1,199058,842123,Business,120,16.6,2,337,0.353,0
LN101338,36,Salaried,5,Metro,187628,223873,Business,84,8.0,1,761,0.099,0
LN101339,63,Self-Employed,19,Rural,153668,1253489,Vehicle,12,19.4,2,507,0.68,0
LN101340,41,Salaried,24,Tier-2,163622,1824295,Vehicle,48,7.09,2,875,0.929,0
LN101341,50,Salaried,29,Tier-2,75510,581398,Personal,12,14.65,2,546,0.642,0
LN101342,30,Salaried,9,Metro,146900,817058,Vehicle,84,18.01,1,405,0.464,0
LN101343,25,Salaried,14,Metro,198151,1624191,Personal,48,16.92,2,586,0.683,0
LN101344,61,Salaried,26,Metro,160398,1027815,Home,36,9.95,0,872,0.534,0
LN101345,23,Self-Employed,17,Rural,184110,1535435,Vehicle,12,15.03,4,300,0.695,0
LN101346,63,Self-Employed,17,Tier-1,121780,4411142,Education,48,9.6,2,786,3.019,0
LN101347,32,Salaried,3,Rural,59150,1486026,Home,84,19.12,3,618,2.094,1
LN101348,41,Salaried,5,Rural,122900,3843380,Medical,36,7.37,2,785,2.606,0
LN101349,24,Self-Employed,17,Metro,89715,3281174,Education,60,17.47,3,579,3.048,0
LN101350,51,Salaried,29,Tier-1,60498,3724397,Personal,60,10.39,2,659,5.13,1
LN101351,51,Salaried,17,Tier-1,83008,2380144,Vehicle,120,21.93,3,318,2.389,1
LN101352,32,Self-Employed,26,Rural,100768,3183638,Education,120,19.91,1,460,2.633,0
LN101353,34,Salaried,11,Metro,84608,3629773,Medical,12,9.67,0,777,3.575,0
LN101354,62,Salaried,22,Tier-1,54093,447193,Vehicle,12,18.2,0,512,0.689,0
LN101355,32,Salaried,29,Metro,177144,3310252,Vehicle,120,16.89,3,553,1.557,1
LN101356,48,Business Owner,11,Tier-2,113534,893649,Business,12,11.61,1,707,0.656,0
LN101357,60,Salaried,16,Rural,72070,1168167,Personal,60,8.19,0,884,1.351,1
LN101358,40,Salaried,12,Tier-2,50015,1855884,Business,12,17.0,2,629,3.092,1
LN101359,24,Business Owner,19,Metro,96984,4053518,Education,84,20.25,3,469,3.483,1
LN101360,35,Self-Employed,3,Metro,133520,1979904,Home,48,9.96,1,790,1.236,0
LN101361,35,Unemployed,8,Tier-2,77541,4716021,Home,12,9.99,3,773,5.068,0
LN101362,31,Salaried,0,Tier-2,15926,1722868,Business,36,15.17,3,467,9.015,0
LN101363,33,Business Owner,20,Tier-2,160597,2210678,Education,24,17.06,4,446,1.147,1
LN101364,64,Business Owner,9,Tier-2,134334,806632,Medical,36,14.05,2,532,0.5,1
LN101365,55,Salaried,14,Rural,181113,4018190,Education,12,15.69,4,575,1.849,0
LN101366,34,Self-Employed,21,Tier-2,83729,1515871,Personal,48,19.86,3,484,1.509,1
LN101367,34,Salaried,20,Metro,129200,4757605,Home,84,7.35,0,783,3.069,0
LN101368,23,Business Owner,25,Metro,52063,3629749,Personal,84,7.43,1,790,5.81,0
LN101369,40,Salaried,15,Metro,27625,621255,Medical,48,9.54,4,836,1.874,0
LN101370,34,Salaried,25,Tier-1,39522,4204534,Home,84,21.85,0,359,8.865,0
LN101371,29,Self-Employed,10,Tier-1,138371,3015059,Medical,48,7.94,0,848,1.816,0
LN101372,21,Salaried,0,Tier-2,55844,235287,Education,60,8.9,0,842,0.351,0
LN101373,47,Salaried,3,Tier-1,23028,4998004,Business,84,19.5,0,369,18.087,1
LN101374,45,Salaried,17,Metro,19894,3777105,Home,84,17.57,1,500,15.822,1
LN101375,36,Self-Employed,2,Rural,151138,2083078,Education,84,17.87,0,483,1.149,0
LN101376,45,Salaried,3,Tier-2,27901,3148999,Personal,84,17.68,0,370,9.405,0
LN101377,38,Business Owner,3,Metro,169809,1824000,Vehicle,120,9.02,3,764,0.895,0
LN101378,61,Self-Employed,0,Tier-1,58252,4499184,Home,60,21.04,0,419,6.436,1
LN101379,27,Self-Employed,24,Metro,174768,4111841,Business,48,16.08,2,400,1.961,1
LN101380,50,Salaried,8,Tier-1,102737,3323007,Business,60,13.1,4,717,2.695,0
LN101381,24,Salaried,29,Tier-2,170288,2558159,Business,84,9.88,1,754,1.252,0
LN101382,54,Self-Employed,1,Tier-1,185898,3743313,Medical,48,9.58,3,802,1.678,1
LN101383,63,Salaried,5,Tier-2,117404,4204408,Personal,48,14.39,4,549,2.984,1
LN101384,48,Salaried,5,Rural,81812,4589595,Education,60,11.9,2,741,4.675,0
LN101385,26,Business Owner,28,Metro,68824,2803406,Business,84,7.27,3,828,3.394,0
LN101386,43,Salaried,11,Metro,45681,4966854,Personal,36,14.75,1,312,9.061,1
LN101387,56,Self-Employed,25,Tier-2,92116,4635578,Medical,60,21.95,0,631,4.194,0
LN101388,23,Self-Employed,10,Rural,92062,604922,Education,60,17.2,0,528,0.548,0
LN101389,22,Salaried,9,Metro,88213,2087254,Vehicle,48,18.89,1,610,1.972,0
LN101390,25,Business Owner,23,Tier-2,113025,97949,Education,60,13.44,3,726,0.072,1
LN101391,57,Salaried,19,Tier-1,51885,4597124,Business,120,16.44,2,372,7.384,1
LN101392,41,Business Owner,10,Metro,145572,4758808,Home,24,8.13,0,829,2.724,0
LN101393,33,Salaried,21,Rural,42933,3827204,Vehicle,12,7.33,2,841,7.429,0
LN101394,49,Salaried,14,Tier-2,124576,4298483,Vehicle,84,14.85,1,438,2.875,0
LN101395,58,Self-Employed,23,Tier-2,29249,1191201,Personal,36,17.61,3,334,3.394,1
LN101396,26,Salaried,7,Metro,63565,1016622,Home,12,9.79,3,794,1.333,0
LN101397,25,Business Owner,14,Tier-2,85335,3211186,Medical,60,8.02,4,885,3.136,1
LN101398,43,Salaried,10,Tier-1,169416,1731348,Education,12,15.68,0,564,0.852,0
LN101399,46,Business Owner,29,Metro,74449,1294831,Home,84,18.94,1,407,1.449,1
LN101400,34,Self-Employed,17,Tier-1,179216,227688,Home,120,18.04,0,318,0.106,1
LN101401,25,Self-Employed,9,Tier-2,59621,3892441,Home,120,21.82,2,628,5.441,0
LN101402,49,Business Owner,17,Tier-1,163418,3171824,Personal,12,10.38,3,748,1.617,1
LN101403,33,Salaried,27,Tier-2,127044,2278710,Vehicle,48,18.98,4,388,1.495,0
LN101404,58,Salaried,2,Tier-1,132536,1794589,Medical,48,11.88,0,675,1.128,0
LN101405,47,Salaried,5,Tier-1,51010,4855457,Vehicle,120,13.74,4,696,7.932,1
LN101406,34,Business Owner,18,Rural,71398,2977742,Personal,12,20.33,0,545,3.476,1
LN101407,31,Salaried,2,Rural,90383,4771303,Medical,120,16.83,1,344,4.399,0
LN101408,52,Business Owner,1,Tier-1,129138,947791,Education,12,20.73,1,366,0.612,1
LN101409,51,Self-Employed,20,Metro,127949,2873496,Personal,60,10.12,3,713,1.872,0
LN101410,56,Self-Employed,23,Rural,72851,4106644,Vehicle,24,7.62,0,795,4.698,1
LN101411,50,Business Owner,23,Metro,123066,2959616,Business,60,15.72,4,585,2.004,0
LN101412,49,Salaried,7,Tier-1,181081,2736268,Business,84,16.46,4,320,1.259,0
LN101413,41,Salaried,9,Tier-2,191967,757715,Home,60,14.62,3,552,0.329,0
LN101414,63,Unemployed,10,Metro,40966,3259093,Business,12,18.97,2,579,6.63,1
LN101415,31,Salaried,12,Tier-1,79819,744637,Education,120,7.17,1,783,0.777,0
LN101416,62,Self-Employed,12,Metro,23227,1946068,Personal,24,17.64,4,370,6.982,0
LN101417,25,Salaried,19,Tier-1,77712,471946,Education,24,15.44,0,434,0.506,0
LN101418,50,Business Owner,23,Tier-1,108439,1486730,Vehicle,60,17.44,0,497,1.143,1
LN101419,41,Self-Employed,11,Tier-2,183593,1818895,Education,60,7.68,1,789,0.826,1
LN101420,57,Self-Employed,5,Tier-2,196524,2592775,Home,36,9.93,2,801,1.099,0
LN101421,25,Salaried,12,Metro,145756,521572,Education,60,18.91,2,483,0.298,1
LN101422,44,Self-Employed,5,Tier-1,117142,3356603,Personal,36,19.15,2,509,2.388,0
LN101423,29,Salaried,4,Tier-1,27117,1743396,Business,24,18.71,0,605,5.358,1
LN101424,47,Salaried,23,Tier-2,151058,1891838,Personal,120,16.15,1,316,1.044,0
LN101425,33,Self-Employed,23,Tier-2,21426,2312123,Vehicle,84,8.82,2,804,8.993,0
LN101426,57,Unemployed,27,Tier-1,148186,2230181,Business,120,15.57,0,467,1.254,1
LN101427,48,Salaried,11,Rural,42663,576366,Medical,36,12.01,2,742,1.126,0
LN101428,47,Salaried,19,Metro,96234,2256208,Medical,24,21.09,2,549,1.954,0
LN101429,24,Salaried,7,Metro,71539,3236794,Business,48,21.46,3,643,3.77,0
LN101430,30,Self-Employed,25,Tier-2,120709,544483,Personal,120,21.59,0,615,0.376,0
LN101431,37,Salaried,20,Tier-1,164631,287599,Business,36,13.97,2,736,0.146,0
LN101432,31,Unemployed,12,Tier-2,189236,2088522,Business,24,9.76,3,767,0.92,0
LN101433,45,Self-Employed,23,Tier-1,185984,4737988,Business,36,16.8,0,468,2.123,1
LN101434,46,Salaried,24,Rural,61942,1627579,Home,120,16.68,1,460,2.19,1
LN101435,63,Salaried,17,Metro,143819,4389495,Home,120,18.74,0,483,2.543,0
LN101436,46,Salaried,9,Tier-2,182558,484920,Education,84,17.16,0,575,0.221,0
LN101437,30,Salaried,18,Tier-2,102912,4048911,Medical,48,9.43,0,792,3.279,0
LN101438,59,Salaried,26,Metro,77733,2254851,Business,84,12.92,1,694,2.417,1
LN101439,60,Business Owner,16,Metro,83879,1176000,Vehicle,48,7.56,1,794,1.168,0
LN101440,62,Salaried,26,Metro,34495,4757488,Education,48,13.35,0,718,11.493,0
LN101441,43,Salaried,13,Metro,159485,1527596,Education,48,20.29,3,571,0.798,0
LN101442,32,Salaried,1,Rural,87821,4129310,Medical,84,17.25,4,411,3.918,1
LN101443,32,Salaried,16,Tier-1,34716,4736093,Business,24,11.39,4,704,11.369,0
LN101444,51,Salaried,28,Tier-1,76411,1506966,Medical,12,15.92,1,610,1.643,0
LN101445,31,Salaried,27,Rural,190954,4636226,Vehicle,36,21.51,2,454,2.023,1
LN101446,39,Self-Employed,23,Metro,20201,3024024,Business,12,15.22,3,302,12.475,1
LN101447,45,Salaried,29,Metro,103093,3903188,Medical,24,21.73,4,615,3.155,0
LN101448,24,Unemployed,19,Tier-2,97789,1583110,Medical,84,17.36,1,519,1.349,0
LN101449,22,Salaried,20,Tier-1,100676,470090,Education,84,7.46,4,768,0.389,0
LN101450,21,Business Owner,24,Tier-2,166552,830425,Vehicle,120,7.38,2,881,0.415,0
LN101451,54,Salaried,13,Tier-1,108036,1209637,Home,120,18.12,1,531,0.933,0
LN101452,41,Salaried,15,Tier-1,123730,4912979,Vehicle,24,20.97,1,336,3.309,1
LN101453,60,Salaried,17,Metro,20355,3524747,Business,12,17.02,3,389,14.43,1
LN101454,53,Salaried,10,Tier-2,148396,133367,Vehicle,12,18.65,3,640,0.075,0
LN101455,21,Salaried,25,Tier-2,131725,1007198,Business,12,17.47,2,647,0.637,0
LN101456,49,Salaried,5,Metro,38494,845229,Vehicle,60,9.46,4,849,1.83,0
LN101457,44,Salaried,20,Metro,196407,477138,Vehicle,24,18.42,1,327,0.202,0
LN101458,64,Self-Employed,14,Tier-1,193507,4077185,Home,48,9.4,1,866,1.756,0
LN101459,34,Salaried,10,Tier-1,119292,1356680,Medical,60,12.93,1,730,0.948,1
LN101460,37,Salaried,11,Tier-1,57228,379772,Personal,12,12.06,0,743,0.553,1
LN101461,50,Salaried,6,Tier-1,51779,1194177,Personal,84,14.82,0,502,1.922,0
LN101462,37,Salaried,10,Tier-2,41009,1444658,Education,12,16.5,2,550,2.936,1
LN101463,48,Self-Employed,27,Tier-1,82304,1117028,Education,48,9.24,2,830,1.131,0
LN101464,48,Salaried,20,Tier-1,130308,1220486,Vehicle,48,7.37,4,819,0.781,0
LN101465,29,Business Owner,19,Metro,75767,3308521,Education,60,21.28,4,483,3.639,0
LN101466,33,Self-Employed,29,Tier-1,186982,702063,Business,84,8.04,1,808,0.313,0
LN101467,46,Salaried,2,Tier-2,178296,4864765,Vehicle,12,8.58,0,865,2.274,0
LN101468,58,Salaried,10,Metro,113917,4987988,Personal,12,8.68,1,811,3.649,1
LN101469,27,Business Owner,13,Tier-2,112186,3690303,Vehicle,120,16.22,2,443,2.741,1
LN101470,64,Salaried,14,Metro,175330,3863848,Business,36,10.13,1,676,1.836,0
LN101471,36,Salaried,3,Tier-2,155342,567921,Education,120,10.44,0,710,0.305,0
LN101472,56,Self-Employed,1,Metro,136558,245870,Vehicle,60,9.6,2,888,0.15,0
LN101473,63,Self-Employed,18,Tier-1,145695,2645441,Business,60,10.27,4,743,1.513,1
LN101474,33,Salaried,24,Tier-2,120688,4737280,Vehicle,84,16.47,3,458,3.271,0
LN101475,57,Salaried,4,Tier-1,147695,3803027,Education,48,10.14,1,690,2.146,0
LN101476,57,Self-Employed,27,Rural,162797,724180,Vehicle,12,18.97,3,380,0.371,0
LN101477,21,Self-Employed,24,Tier-1,140722,1006324,Business,24,18.26,0,449,0.596,1
LN101478,33,Self-Employed,22,Tier-1,137901,1030524,Vehicle,60,8.68,2,874,0.623,0
LN101479,36,Salaried,7,Tier-2,165066,665791,Vehicle,24,8.59,1,811,0.336,0
LN101480,51,Business Owner,21,Metro,199892,1551713,Personal,36,7.42,4,784,0.647,0
LN101481,43,Salaried,15,Rural,56635,3211343,Home,84,17.56,2,439,4.725,1
LN101482,23,Salaried,1,Metro,97957,839373,Medical,36,15.71,3,349,0.714,1
LN101483,57,Self-Employed,26,Rural,83643,680631,Vehicle,12,16.7,3,418,0.678,1
LN101484,46,Self-Employed,7,Metro,158532,4546132,Vehicle,84,19.25,4,306,2.39,0
LN101485,50,Business Owner,9,Rural,187954,4327849,Vehicle,120,21.04,3,487,1.919,1
LN101486,33,Self-Employed,13,Tier-2,57986,1862127,Business,24,16.07,2,607,2.676,0
LN101487,31,Self-Employed,17,Rural,122712,3221936,Personal,84,12.3,0,729,2.188,1
LN101488,34,Salaried,28,Metro,181164,4335441,Medical,84,17.93,2,399,1.994,1
LN101489,56,Salaried,14,Metro,199260,4620317,Personal,48,15.24,2,597,1.932,0
LN101490,37,Salaried,10,Rural,108925,2937615,Vehicle,36,9.22,1,855,2.247,1
LN101491,37,Unemployed,5,Metro,63674,1792614,Personal,24,17.25,1,511,2.346,1
LN101492,28,Salaried,26,Metro,100779,2067915,Personal,84,10.85,0,695,1.71,0
LN101493,53,Salaried,0,Tier-1,199640,4089176,Business,36,16.41,2,561,1.707,0
LN101494,61,Salaried,3,Tier-1,179639,702832,Medical,120,10.81,1,727,0.326,0
LN101495,54,Salaried,5,Metro,102454,3165895,Home,12,7.01,1,897,2.575,0
LN101496,42,Salaried,29,Tier-1,132963,316873,Education,60,9.06,3,776,0.199,0
LN101497,58,Salaried,19,Tier-1,187368,1351646,Vehicle,36,8.43,2,878,0.601,0
LN101498,56,Salaried,12,Rural,153778,4626126,Education,48,20.33,0,547,2.507,1
LN101499,48,Salaried,20,Rural,74406,2713223,Vehicle,12,17.2,2,412,3.039,1
LN101500,22,Salaried,25,Metro,25910,489045,Personal,60,17.07,3,587,1.573,0
LN101501,48,Salaried,6,Metro,83531,4223114,Medical,84,20.0,2,554,4.213,1
LN101502,21,Salaried,3,Rural,65541,4983659,Medical,84,7.06,4,761,6.337,1
LN101503,32,Salaried,18,Tier-1,121656,3270283,Vehicle,60,8.12,1,884,2.24,0
LN101504,61,Business Owner,19,Tier-1,186375,596715,Vehicle,24,17.42,4,637,0.267,0
LN101505,34,Self-Employed,7,Tier-2,163133,1370670,Personal,36,17.13,2,593,0.7,0
LN101506,47,Salaried,0,Tier-2,102700,4366569,Home,84,19.49,4,522,3.543,1
LN101507,42,Salaried,6,Rural,70529,2639942,Personal,24,11.34,3,695,3.119,0
LN101508,54,Unemployed,8,Tier-2,183004,4039846,Business,120,15.59,1,319,1.84,1
LN101509,33,Business Owner,20,Metro,188180,2947189,Home,60,22.0,4,311,1.305,1
LN101510,59,Business Owner,11,Tier-2,67459,2726856,Medical,24,18.12,2,481,3.369,1
LN101511,34,Salaried,22,Tier-1,116454,4648595,Home,48,16.67,0,644,3.326,0
LN101512,50,Self-Employed,11,Rural,114811,472703,Personal,60,20.41,4,342,0.343,1
LN101513,53,Salaried,18,Tier-2,138046,2951974,Education,120,10.41,3,674,1.782,0
LN101514,50,Self-Employed,7,Metro,169443,2259071,Vehicle,24,21.31,4,398,1.111,1
LN101515,38,Salaried,27,Rural,90683,2391967,Home,60,7.96,2,812,2.198,0
LN101516,46,Self-Employed,18,Metro,57707,88389,Business,48,20.47,4,466,0.128,0
LN101517,50,Salaried,1,Tier-1,43296,3225655,Vehicle,84,7.04,1,782,6.209,0
LN101518,25,Self-Employed,9,Tier-1,82736,1054485,Personal,12,14.47,3,615,1.062,0
LN101519,50,Salaried,17,Metro,67994,4112381,Education,12,11.84,4,745,5.04,0
LN101520,50,Business Owner,18,Metro,142813,2584444,Personal,36,20.85,3,328,1.508,1
LN101521,47,Self-Employed,0,Tier-1,186846,1221380,Education,60,20.97,0,582,0.545,0
LN101522,49,Salaried,6,Rural,110122,1909936,Personal,84,20.33,0,424,1.445,1
LN101523,25,Salaried,16,Rural,135615,482698,Medical,48,16.03,2,456,0.297,1
LN101524,55,Unemployed,25,Rural,24228,2241612,Education,12,18.75,4,631,7.71,0
LN101525,32,Salaried,27,Tier-2,153740,4512161,Medical,48,21.14,4,492,2.446,1
LN101526,21,Salaried,24,Tier-1,168869,3916165,Education,84,7.41,0,759,1.933,0
LN101527,31,Salaried,13,Tier-2,161917,3039519,Business,12,9.74,2,772,1.564,1
LN101528,39,Business Owner,24,Tier-1,41902,3500636,Medical,36,19.81,2,602,6.962,1
LN101529,43,Salaried,16,Tier-2,157719,4675241,Business,84,11.8,4,738,2.47,0
LN101530,23,Salaried,24,Tier-1,98524,2470399,Vehicle,36,17.14,3,412,2.09,0
LN101531,21,Salaried,5,Tier-1,107036,3300410,Business,48,20.17,0,430,2.57,0
LN101532,64,Salaried,17,Tier-2,71481,2788569,Home,36,19.98,1,448,3.251,1
LN101533,26,Salaried,9,Tier-1,152471,1556690,Home,84,7.44,4,811,0.851,0
LN101534,31,Self-Employed,3,Rural,112408,3123727,Medical,12,17.77,1,366,2.316,1
LN101535,30,Salaried,23,Metro,17827,746252,Home,48,11.29,1,678,3.488,0
LN101536,24,Salaried,19,Tier-1,92561,2442234,Personal,84,7.26,4,844,2.199,0
LN101537,59,Salaried,24,Tier-2,27741,2311984,Medical,36,15.35,3,387,6.945,1
LN101538,54,Unemployed,28,Metro,146002,2724494,Medical,12,15.26,4,572,1.555,0
LN101539,59,Salaried,25,Tier-1,50010,3125808,Medical,120,19.9,1,446,5.209,1
LN101540,40,Self-Employed,26,Metro,149629,2508971,Home,24,16.55,0,345,1.397,1
LN101541,41,Salaried,24,Tier-2,21559,55601,Personal,120,20.34,0,323,0.215,1
LN101542,31,Salaried,3,Tier-1,176758,4744039,Education,84,7.05,2,763,2.237,0
LN101543,53,Salaried,21,Tier-1,183374,828819,Vehicle,84,10.79,3,666,0.377,0
LN101544,63,Salaried,24,Tier-2,101049,4931503,Vehicle,12,20.41,4,394,4.067,1
LN101545,43,Salaried,2,Tier-1,74719,961433,Business,48,15.31,4,322,1.072,0
LN101546,38,Self-Employed,12,Tier-1,97624,2737130,Education,36,8.19,1,842,2.336,1
LN101547,31,Self-Employed,0,Tier-2,158767,700921,Medical,36,17.3,1,356,0.368,0
LN101548,48,Salaried,28,Tier-1,93286,938845,Home,24,21.44,4,373,0.839,0
LN101549,21,Salaried,23,Metro,53231,3745590,Education,120,17.86,1,505,5.864,0
LN101550,62,Salaried,23,Rural,31528,4427328,Business,120,16.99,4,365,11.702,1
LN101551,58,Salaried,1,Tier-1,134035,4326024,Personal,36,19.29,0,637,2.69,0
LN101552,37,Salaried,24,Tier-2,128545,83194,Business,84,16.74,3,494,0.054,1
LN101553,55,Self-Employed,17,Tier-1,164862,940573,Personal,84,11.47,3,747,0.475,1
LN101554,23,Salaried,12,Metro,173087,2093657,Medical,12,21.54,1,546,1.008,0
LN101555,57,Salaried,13,Tier-1,139292,3795484,Vehicle,24,14.02,1,529,2.271,0
LN101556,61,Salaried,13,Rural,191979,2137903,Business,24,12.05,3,726,0.928,0
LN101557,23,Self-Employed,16,Tier-2,80424,1435584,Medical,12,17.83,1,450,1.488,0
LN101558,35,Salaried,0,Tier-1,29903,4022805,Personal,120,20.34,4,301,11.211,1
LN101559,30,Salaried,26,Tier-1,41046,2066165,Business,48,19.64,3,449,4.195,1
LN101560,38,Salaried,11,Tier-2,31522,3857204,Personal,24,7.47,3,841,10.197,0
LN101561,56,Business Owner,29,Tier-2,76584,1084615,Medical,84,10.66,3,715,1.18,1
LN101562,58,Salaried,5,Tier-1,117294,1946899,Medical,36,18.96,0,495,1.383,0
LN101563,22,Salaried,19,Tier-2,113871,4193906,Personal,36,21.03,3,583,3.069,0
LN101564,40,Salaried,14,Tier-2,141196,504060,Vehicle,60,8.72,3,804,0.297,0
LN101565,60,Business Owner,23,Metro,116035,636604,Home,36,16.21,4,547,0.457,1
LN101566,33,Business Owner,20,Metro,166341,4687525,Education,24,20.25,4,441,2.348,0
LN101567,34,Self-Employed,3,Tier-1,160773,394960,Medical,24,7.05,4,790,0.205,0
LN101568,27,Unemployed,11,Tier-1,121499,727359,Personal,120,10.98,3,745,0.499,0
LN101569,59,Salaried,9,Rural,169028,3046716,Education,84,21.46,3,407,1.502,0
LN101570,39,Self-Employed,16,Tier-1,90690,987480,Personal,60,19.06,0,562,0.907,1
LN101571,42,Self-Employed,21,Rural,143701,4588204,Business,12,11.27,2,690,2.661,0
LN101572,53,Salaried,29,Tier-2,197870,3489434,Medical,36,19.56,4,394,1.47,1
LN101573,47,Salaried,21,Metro,31462,1089000,Medical,36,16.59,0,314,2.884,0
LN101574,58,Salaried,4,Tier-2,152177,1964454,Medical,120,11.67,0,736,1.076,0
LN101575,57,Salaried,6,Tier-2,146264,1704793,Vehicle,60,12.58,3,746,0.971,0
LN101576,22,Business Owner,1,Tier-1,153003,4566572,Personal,24,17.8,3,421,2.487,1
LN101577,44,Salaried,17,Metro,92767,4313819,Medical,84,7.75,4,888,3.875,0
LN101578,56,Self-Employed,14,Tier-1,46983,468776,Business,48,15.52,4,587,0.831,0
LN101579,24,Salaried,15,Tier-1,182249,1680500,Personal,12,9.94,3,861,0.768,0
LN101580,36,Self-Employed,7,Tier-2,103455,2584809,Personal,48,9.47,2,850,2.082,0
LN101581,27,Self-Employed,19,Rural,40694,347209,Education,12,21.08,2,502,0.711,0
LN101582,60,Salaried,13,Metro,185503,1267156,Personal,60,21.35,1,644,0.569,0
LN101583,60,Self-Employed,21,Metro,61839,3565357,Personal,60,19.04,1,488,4.805,1
LN101584,57,Salaried,4,Tier-1,66708,3923393,Vehicle,120,13.29,2,676,4.901,0
LN101585,31,Salaried,10,Tier-1,125917,3780820,Education,24,20.78,3,559,2.502,1
LN101586,44,Salaried,7,Tier-1,114073,3953907,Business,24,10.26,3,730,2.888,0
LN101587,41,Business Owner,21,Metro,160279,4172460,Business,24,16.99,0,469,2.169,1
LN101588,51,Salaried,14,Metro,59896,3322961,Vehicle,84,21.87,4,471,4.623,1
LN101589,53,Salaried,25,Metro,123793,3943651,Business,48,17.03,4,325,2.655,0
LN101590,45,Salaried,21,Rural,152213,4669821,Home,24,11.59,1,745,2.557,0
LN101591,33,Salaried,12,Tier-2,151328,1389862,Medical,84,14.06,4,582,0.765,0
LN101592,46,Self-Employed,13,Tier-1,130179,4863798,Medical,48,15.31,2,376,3.114,0
LN101593,42,Self-Employed,20,Tier-2,85666,4990939,Education,12,12.59,3,735,4.855,0
LN101594,57,Salaried,26,Rural,117097,3707142,Personal,60,14.94,2,505,2.638,0
LN101595,30,Salaried,29,Tier-1,125148,1572625,Home,120,10.97,2,749,1.047,0
LN101596,47,Salaried,20,Tier-2,85155,690997,Home,60,18.89,2,516,0.676,0
LN101597,30,Salaried,26,Metro,16673,491022,Business,12,18.89,3,315,2.454,1
LN101598,50,Salaried,1,Tier-2,89479,4092466,Personal,120,9.67,4,832,3.811,0
LN101599,28,Salaried,12,Tier-2,150698,4662713,Personal,48,19.92,3,462,2.578,1
LN101600,54,Salaried,9,Rural,191402,3653164,Education,60,19.73,2,469,1.591,0
LN101601,60,Salaried,12,Tier-1,63883,818660,Vehicle,48,17.77,4,347,1.068,1
LN101602,38,Unemployed,8,Tier-2,64534,139687,Vehicle,48,20.83,0,365,0.18,1
LN101603,30,Salaried,7,Rural,114571,4968134,Business,24,21.95,0,358,3.614,1
LN101604,27,Self-Employed,24,Tier-2,193912,2619684,Business,84,11.52,2,664,1.126,0
LN101605,43,Salaried,2,Tier-2,84184,104077,Personal,120,19.0,3,401,0.103,1
LN101606,40,Salaried,25,Rural,155617,216732,Personal,84,14.87,4,619,0.116,0
LN101607,59,Self-Employed,14,Rural,195064,988295,Home,84,17.31,0,312,0.422,1
LN101608,22,Salaried,6,Tier-1,164014,221067,Education,48,8.15,1,861,0.112,0
LN101609,49,Self-Employed,21,Tier-1,94149,1129320,Vehicle,12,15.56,2,482,1.0,0
LN101610,44,Salaried,7,Metro,174771,954315,Home,60,12.81,1,666,0.455,0
LN101611,48,Self-Employed,14,Tier-1,118327,3163305,Home,12,10.65,4,718,2.228,0
LN101612,40,Salaried,2,Tier-1,143543,634386,Home,48,18.45,3,353,0.368,0
LN101613,37,Salaried,6,Tier-1,39131,424917,Education,48,12.8,1,686,0.905,0
LN101614,36,Salaried,15,Tier-1,98386,4406754,Education,60,8.73,0,806,3.733,0
LN101615,42,Salaried,16,Tier-2,187147,2995845,Vehicle,36,7.47,4,890,1.334,0
LN101616,64,Salaried,24,Tier-2,185058,1200986,Education,84,8.51,4,791,0.541,0
LN101617,39,Salaried,19,Tier-1,123492,282977,Medical,12,18.17,2,309,0.191,1
LN101618,47,Business Owner,8,Tier-2,69753,1081593,Personal,120,18.23,4,427,1.292,1
LN101619,47,Salaried,16,Tier-1,104459,528775,Personal,36,15.89,4,497,0.422,1
LN101620,38,Self-Employed,17,Metro,183303,296967,Business,12,7.33,3,809,0.135,0
LN101621,59,Salaried,10,Metro,107588,2518276,Education,48,16.82,3,590,1.951,1
LN101622,46,Salaried,15,Tier-2,176500,2423476,Medical,60,21.65,1,425,1.144,1
LN101623,48,Salaried,14,Tier-1,190216,116088,Vehicle,36,14.64,1,573,0.051,0
LN101624,48,Salaried,1,Metro,134456,2699477,Business,12,18.98,3,607,1.673,0
LN101625,23,Salaried,5,Rural,17054,4548818,Personal,24,9.91,2,825,22.228,0
LN101626,26,Business Owner,3,Tier-2,68304,3766705,Business,84,8.94,0,885,4.596,1
LN101627,45,Self-Employed,27,Tier-1,168746,1052214,Medical,84,13.73,3,689,0.52,0
LN101628,28,Self-Employed,28,Rural,53270,1563472,Home,36,15.26,0,450,2.446,0
LN101629,50,Self-Employed,22,Tier-2,58725,3472961,Home,120,11.33,1,714,4.928,1
LN101630,59,Self-Employed,0,Metro,199108,458894,Home,24,9.3,0,771,0.192,0
LN101631,34,Salaried,8,Tier-2,16582,1737557,Vehicle,60,13.82,4,689,8.732,1
LN101632,63,Salaried,11,Rural,62187,995677,Medical,60,16.44,3,354,1.334,1
LN101633,52,Salaried,10,Rural,37988,254962,Education,120,17.7,4,524,0.559,1
LN101634,63,Salaried,8,Metro,120488,3362794,Medical,60,10.5,3,678,2.326,0
LN101635,59,Salaried,6,Metro,28703,247430,Medical,12,19.57,2,618,0.718,0
LN101636,23,Self-Employed,28,Tier-2,169903,3802643,Vehicle,48,14.5,2,564,1.865,0
LN101637,34,Business Owner,12,Tier-1,120808,4289157,Vehicle,120,10.51,0,702,2.959,0
LN101638,51,Salaried,9,Tier-2,191920,4851664,Home,36,10.08,2,744,2.107,0
LN101639,23,Salaried,12,Tier-2,110061,1581613,Vehicle,24,20.32,0,431,1.198,0
LN101640,53,Self-Employed,28,Tier-1,129108,1875300,Business,60,18.08,4,636,1.21,0
LN101641,31,Salaried,26,Metro,198933,2374398,Vehicle,60,11.63,2,673,0.995,0
LN101642,33,Salaried,20,Tier-2,77990,1247143,Home,12,18.57,1,523,1.333,0
LN101643,60,Salaried,6,Tier-1,150026,3722746,Medical,48,17.45,1,537,2.068,1
LN101644,24,Salaried,21,Tier-1,170055,4236381,Business,12,17.89,0,420,2.076,0
LN101645,45,Salaried,20,Tier-2,99785,1365501,Personal,84,10.75,2,678,1.14,0
LN101646,53,Business Owner,28,Tier-2,95383,2697460,Business,60,9.05,1,851,2.357,0
LN101647,49,Business Owner,29,Tier-1,146476,2590984,Business,84,9.39,1,868,1.474,0
LN101648,24,Salaried,2,Tier-2,63413,4845604,Medical,36,7.18,1,887,6.368,0
LN101649,40,Unemployed,10,Metro,84006,143696,Home,120,7.54,0,825,0.143,0
LN101650,36,Self-Employed,11,Tier-2,146360,4473979,Medical,48,12.58,3,712,2.547,0
LN101651,58,Salaried,16,Rural,194938,795634,Home,120,14.28,4,582,0.34,1
LN101652,27,Unemployed,14,Tier-2,132437,1528146,Business,24,18.62,1,329,0.962,1
LN101653,44,Salaried,1,Tier-2,99203,2442130,Personal,60,11.32,2,717,2.051,1
LN101654,22,Salaried,8,Rural,108758,2479862,Vehicle,60,7.97,4,834,1.9,0
LN101655,53,Salaried,24,Tier-1,91777,2251126,Vehicle,24,17.83,2,538,2.044,1
LN101656,22,Salaried,24,Tier-1,37275,1080471,Home,36,14.02,0,557,2.416,0
LN101657,54,Salaried,18,Metro,71379,460059,Business,48,21.87,1,543,0.537,0
LN101658,32,Self-Employed,2,Tier-2,130873,3295325,Medical,24,18.26,2,307,2.098,0
LN101659,57,Business Owner,25,Rural,29474,748710,Home,36,17.19,4,557,2.117,0
LN101660,35,Business Owner,25,Metro,156549,4078864,Medical,84,15.98,3,587,2.171,1
LN101661,27,Salaried,28,Tier-1,38228,2491367,Business,120,7.12,0,843,5.431,1
LN101662,28,Salaried,19,Metro,108581,4645459,Business,84,15.09,1,375,3.565,1
LN101663,35,Salaried,29,Rural,27619,1616626,Vehicle,24,12.07,0,711,4.878,0
LN101664,51,Self-Employed,12,Tier-1,193271,1062851,Home,120,16.9,4,358,0.458,0
LN101665,64,Salaried,4,Metro,100803,2016020,Education,48,14.67,3,583,1.667,0
LN101666,47,Salaried,23,Tier-2,39981,4093627,Vehicle,120,17.27,2,303,8.532,0
LN101667,56,Self-Employed,1,Metro,181142,4266129,Home,48,14.76,3,646,1.963,1
LN101668,37,Self-Employed,16,Metro,155577,2951166,Personal,60,12.09,0,732,1.581,0
LN101669,51,Business Owner,21,Tier-2,167510,4861793,Business,48,19.93,2,614,2.419,0
LN101670,37,Self-Employed,15,Tier-1,89051,307048,Vehicle,36,14.27,0,541,0.287,1
LN101671,27,Self-Employed,21,Metro,180608,3706766,Vehicle,120,21.35,0,353,1.71,1
LN101672,36,Salaried,22,Metro,167075,1766675,Medical,60,8.55,4,807,0.881,0
LN101673,35,Salaried,16,Tier-1,102199,1221293,Personal,84,13.27,0,654,0.996,0
LN101674,34,Salaried,13,Metro,91657,353606,Home,36,18.39,1,584,0.321,0
LN101675,47,Salaried,11,Metro,51228,4785452,Vehicle,60,11.76,2,669,7.785,1
LN101676,29,Salaried,9,Tier-2,136388,4021004,Personal,60,14.38,2,403,2.457,0
LN101677,49,Self-Employed,24,Metro,132436,4019073,Vehicle,12,7.7,3,812,2.529,0
LN101678,48,Business Owner,4,Metro,53721,1429726,Home,84,13.76,4,711,2.218,0
LN101679,33,Self-Employed,4,Metro,53056,2206216,Home,84,9.62,4,758,3.465,0
LN101680,31,Self-Employed,5,Tier-2,111317,3478909,Education,120,10.31,0,681,2.604,0
LN101681,21,Salaried,11,Tier-1,77789,1903237,Personal,24,8.84,1,829,2.039,0
LN101682,47,Unemployed,9,Rural,113888,1749258,Home,48,16.36,0,603,1.28,0
LN101683,47,Self-Employed,14,Tier-2,15543,3548619,Vehicle,84,7.25,3,851,19.026,0
LN101684,38,Salaried,5,Rural,191422,3906936,Home,120,21.25,1,328,1.701,0
LN101685,37,Self-Employed,5,Tier-2,192853,1942888,Personal,48,15.45,4,643,0.84,0
LN101686,29,Salaried,3,Rural,126108,747967,Home,48,9.18,1,793,0.494,0
LN101687,33,Self-Employed,1,Metro,165549,2116855,Home,60,7.26,1,846,1.066,0
LN101688,50,Salaried,28,Rural,119833,271876,Medical,84,17.11,2,646,0.189,0
LN101689,64,Self-Employed,0,Metro,83236,3125237,Medical,60,17.13,0,412,3.129,1
LN101690,44,Self-Employed,19,Tier-2,54157,2268560,Personal,60,9.19,0,862,3.491,0
LN101691,60,Self-Employed,21,Tier-2,58074,483507,Medical,60,20.81,4,400,0.694,1
LN101692,22,Self-Employed,2,Tier-1,31087,2643627,Education,48,18.92,1,574,7.087,1
LN101693,43,Salaried,12,Tier-1,79032,144087,Education,84,17.81,0,444,0.152,0
LN101694,47,Business Owner,6,Metro,36425,1692023,Business,120,20.08,0,608,3.871,0
LN101695,25,Business Owner,17,Metro,198326,2966053,Personal,60,17.9,2,631,1.246,0
LN101696,62,Unemployed,11,Tier-2,97879,3889277,Home,84,18.14,1,457,3.311,1
LN101697,64,Self-Employed,27,Rural,26761,4791099,Education,12,7.01,0,899,14.919,1
LN101698,25,Salaried,5,Rural,42061,737017,Home,12,14.62,1,359,1.46,0
LN101699,37,Self-Employed,21,Metro,190940,2851972,Personal,12,15.39,4,491,1.245,1
LN101700,51,Business Owner,10,Metro,97380,621168,Home,60,10.68,2,676,0.532,0
LN101701,54,Self-Employed,11,Tier-2,195850,4419955,Vehicle,12,17.16,3,320,1.881,1
LN101702,26,Business Owner,9,Metro,71518,1247336,Vehicle,36,12.21,2,707,1.453,0
LN101703,46,Salaried,24,Tier-1,15942,3291870,Vehicle,24,10.81,0,749,17.208,0
LN101704,53,Salaried,24,Metro,141356,2035519,Vehicle,84,18.69,1,570,1.2,0
LN101705,57,Salaried,25,Tier-1,49306,3850988,Education,36,21.03,4,324,6.509,1
LN101706,42,Salaried,2,Tier-2,122761,2983309,Personal,84,12.72,4,658,2.025,0
LN101707,45,Salaried,26,Tier-1,29797,1702212,Medical,24,21.84,3,590,4.761,1
LN101708,27,Self-Employed,15,Metro,198297,1982918,Medical,24,12.28,0,694,0.833,0
LN101709,41,Salaried,9,Tier-1,161367,4726773,Personal,60,15.74,4,624,2.441,0
LN101710,33,Salaried,27,Tier-1,53830,238315,Business,24,8.43,4,855,0.369,0
LN101711,24,Self-Employed,10,Tier-1,99449,4525958,Education,24,18.32,2,370,3.793,1
LN101712,24,Salaried,25,Tier-1,148491,2422129,Medical,60,17.95,1,498,1.359,1
LN101713,23,Salaried,4,Tier-1,180635,3161953,Business,24,14.14,4,345,1.459,0
LN101714,37,Salaried,24,Tier-2,33462,1913838,Medical,84,16.28,4,394,4.766,1
LN101715,22,Salaried,7,Tier-1,160409,1075053,Home,48,15.5,4,636,0.558,0
LN101716,26,Self-Employed,3,Tier-1,151283,2027102,Business,60,21.69,4,616,1.117,0
LN101717,45,Salaried,8,Tier-2,166956,1132540,Education,24,9.62,0,762,0.565,0
LN101718,51,Business Owner,11,Tier-1,74701,784392,Vehicle,48,9.6,1,863,0.875,0
LN101719,41,Salaried,16,Tier-2,58783,3318012,Personal,120,7.85,4,774,4.704,1
LN101720,52,Self-Employed,1,Rural,96633,3372850,Vehicle,48,10.13,0,701,2.909,0
LN101721,60,Self-Employed,12,Metro,56356,932678,Education,60,11.93,1,739,1.379,0
LN101722,51,Business Owner,21,Metro,74754,3616675,Education,120,16.34,0,583,4.032,1
LN101723,35,Salaried,17,Tier-2,41022,4053035,Personal,36,14.48,2,529,8.233,0
LN101724,41,Salaried,5,Metro,151374,2680565,Business,36,18.34,3,501,1.476,0
LN101725,49,Salaried,13,Rural,183694,3979892,Home,12,7.44,3,813,1.805,0
LN101726,45,Self-Employed,29,Metro,74140,873161,Medical,36,13.39,1,713,0.981,0
LN101727,28,Salaried,9,Tier-2,76283,3940882,Education,12,19.46,3,615,4.305,0
LN101728,25,Self-Employed,10,Tier-1,55649,1112155,Business,120,19.02,3,513,1.665,1
LN101729,64,Salaried,14,Tier-2,117532,4135923,Vehicle,24,10.2,0,680,2.932,0
LN101730,43,Salaried,24,Metro,191816,3178150,Personal,36,18.72,1,308,1.381,0
LN101731,58,Self-Employed,13,Metro,173637,557333,Vehicle,84,9.35,0,789,0.267,0
LN101732,45,Self-Employed,5,Tier-1,95678,995772,Business,48,9.35,1,889,0.867,0
LN101733,34,Salaried,15,Tier-1,140978,1486593,Personal,24,7.81,0,889,0.879,0
LN101734,64,Self-Employed,15,Metro,64878,804552,Personal,84,20.91,4,311,1.033,1
LN101735,21,Salaried,14,Tier-1,178131,4596310,Business,48,14.88,0,505,2.15,0
LN101736,39,Salaried,1,Tier-2,198794,3069876,Business,120,21.64,1,370,1.287,1
LN101737,23,Self-Employed,15,Tier-2,122747,3603215,Medical,60,9.06,4,777,2.446,0
LN101738,29,Business Owner,19,Rural,181014,1254469,Education,84,18.44,3,649,0.578,0
LN101739,32,Business Owner,10,Tier-1,192139,4060950,Vehicle,36,21.03,2,415,1.761,1
LN101740,30,Self-Employed,28,Rural,50761,4247510,Medical,120,7.36,3,889,6.973,0
LN101741,21,Salaried,8,Rural,24918,1269315,Education,12,16.88,1,512,4.245,0
LN101742,25,Salaried,21,Rural,177571,467064,Medical,48,7.76,4,887,0.219,0
LN101743,62,Self-Employed,25,Tier-1,81748,2087721,Home,84,19.63,0,591,2.128,0
LN101744,22,Salaried,4,Rural,98151,3593023,Personal,12,16.11,1,495,3.051,0
LN101745,56,Salaried,5,Metro,64940,2194202,Personal,120,15.7,3,589,2.816,1
LN101746,63,Salaried,13,Metro,43129,421285,Business,60,12.62,3,691,0.814,0
LN101747,62,Business Owner,8,Rural,182195,3346080,Vehicle,36,11.59,2,731,1.53,0
LN101748,22,Self-Employed,1,Rural,165107,4849495,Home,84,16.02,3,609,2.448,1
LN101749,57,Salaried,21,Tier-1,106282,3803477,Education,12,13.94,2,722,2.982,0
LN101750,29,Self-Employed,18,Tier-1,19743,1715000,Business,24,18.06,1,605,7.239,1
LN101751,31,Salaried,17,Metro,172478,4070859,Education,48,17.24,2,509,1.967,0
LN101752,28,Salaried,20,Rural,166857,3829134,Personal,24,21.26,0,347,1.912,1
LN101753,62,Salaried,21,Tier-2,53412,3849040,Business,120,18.71,4,390,6.005,0
LN101754,42,Self-Employed,11,Rural,66948,3910813,Business,84,9.1,2,859,4.868,0
LN101755,44,Unemployed,23,Tier-1,108877,3324393,Medical,120,18.0,4,432,2.544,1
LN101756,51,Salaried,18,Tier-1,81137,2235520,Education,24,18.91,4,481,2.296,1
LN101757,26,Business Owner,13,Rural,198038,4320668,Business,36,18.77,0,576,1.818,1
LN101758,60,Salaried,5,Metro,122035,3952358,Education,12,17.65,3,541,2.699,1
LN101759,28,Salaried,20,Tier-1,193042,2862073,Business,12,14.47,1,371,1.236,0
LN101760,37,Salaried,8,Metro,25560,2221740,Home,48,11.47,2,709,7.244,0
LN101761,64,Salaried,22,Tier-2,195624,4267716,Vehicle,12,17.77,4,569,1.818,0
LN101762,48,Business Owner,8,Tier-1,54655,505661,Education,24,7.73,0,760,0.771,0
LN101763,50,Self-Employed,28,Tier-2,145162,4560483,Personal,60,15.75,2,554,2.618,0
LN101764,30,Salaried,1,Metro,145698,4826303,Education,36,21.81,2,317,2.76,1
LN101765,33,Self-Employed,23,Metro,174868,883928,Home,36,8.06,3,880,0.421,0
LN101766,29,Salaried,7,Tier-1,76258,3568623,Home,36,10.05,4,653,3.9,0
LN101767,34,Salaried,24,Metro,72352,59602,Home,120,9.61,4,837,0.069,1
LN101768,46,Salaried,2,Tier-2,151151,4997642,Education,36,9.9,2,788,2.755,0
LN101769,23,Self-Employed,19,Metro,152928,3010080,Business,120,16.91,3,593,1.64,1
LN101770,53,Self-Employed,22,Tier-1,195073,54796,Home,36,13.54,4,713,0.023,0
LN101771,58,Salaried,4,Tier-1,186616,3213682,Medical,60,19.72,4,623,1.435,0
LN101772,60,Salaried,19,Metro,139601,4138502,Business,120,18.59,0,442,2.47,0
LN101773,56,Self-Employed,22,Tier-1,29308,361245,Home,36,17.36,3,648,1.027,0
LN101774,43,Unemployed,2,Tier-1,92827,3053609,Home,12,17.71,2,384,2.741,1
LN101775,58,Salaried,12,Tier-2,45136,1699466,Personal,48,14.09,0,409,3.138,1
LN101776,37,Business Owner,0,Tier-1,113777,2126008,Personal,84,7.39,2,880,1.557,1
LN101777,64,Salaried,4,Tier-2,43727,4095659,Home,24,11.75,0,653,7.805,1
LN101778,60,Salaried,2,Metro,105683,226873,Vehicle,36,21.3,3,507,0.179,0
LN101779,25,Business Owner,10,Rural,144403,3914597,Vehicle,12,15.91,0,618,2.259,0
LN101780,45,Self-Employed,27,Tier-1,177028,2068970,Personal,24,12.17,3,677,0.974,0
LN101781,30,Self-Employed,21,Tier-2,183914,2461746,Medical,120,7.19,1,757,1.115,1
LN101782,57,Salaried,18,Tier-2,15739,4106305,Vehicle,120,14.19,1,502,21.742,0
LN101783,36,Salaried,19,Metro,68358,4220527,Education,120,9.49,2,888,5.145,0
LN101784,44,Salaried,4,Rural,33246,3998697,Vehicle,120,15.37,2,327,10.023,1
LN101785,44,Salaried,15,Tier-2,22432,101954,Business,24,20.17,2,636,0.379,0
LN101786,37,Business Owner,26,Tier-2,27603,1422598,Education,24,20.33,1,420,4.295,0
LN101787,46,Unemployed,11,Tier-1,197238,3934344,Personal,12,13.19,3,670,1.662,1
LN101788,35,Business Owner,7,Metro,138396,1040040,Business,120,21.01,0,553,0.626,1
LN101789,47,Salaried,10,Tier-2,146084,4679825,Education,48,13.99,2,744,2.67,0
LN101790,22,Self-Employed,14,Tier-1,92256,756388,Medical,120,16.81,3,437,0.683,1
LN101791,55,Salaried,14,Rural,31777,2534494,Vehicle,60,18.86,2,497,6.647,1
LN101792,53,Salaried,8,Metro,20456,940494,Vehicle,48,9.74,0,896,3.831,0
LN101793,53,Self-Employed,25,Metro,155512,3065190,Medical,48,20.7,0,572,1.643,1
LN101794,62,Self-Employed,19,Tier-2,71415,128713,Education,12,19.31,3,613,0.15,1
LN101795,40,Business Owner,15,Metro,149414,881016,Home,60,7.82,3,751,0.491,1
LN101796,52,Salaried,26,Metro,140583,3693586,Business,60,20.87,1,539,2.189,1
LN101797,57,Self-Employed,4,Tier-1,185063,4272740,Education,84,20.15,0,628,1.924,0
LN101798,33,Salaried,19,Tier-1,180417,484733,Home,60,14.97,4,430,0.224,1
LN101799,26,Salaried,17,Tier-1,46771,3187436,Business,84,15.67,4,501,5.679,1
LN101800,58,Self-Employed,15,Metro,158367,261313,Home,36,13.39,4,742,0.138,0
LN101801,32,Salaried,19,Tier-2,171170,265966,Medical,24,9.0,1,824,0.129,0
LN101802,47,Salaried,9,Rural,51090,3498383,Home,36,17.9,2,438,5.706,1
LN101803,59,Unemployed,25,Rural,56042,3861724,Home,36,19.7,4,438,5.742,1
LN101804,62,Unemployed,6,Rural,163883,662507,Vehicle,36,18.23,0,349,0.337,1
LN101805,43,Salaried,17,Tier-1,25328,2130363,Personal,36,20.34,0,571,7.009,1
LN101806,36,Business Owner,14,Tier-1,105878,2331385,Home,48,17.37,2,498,1.835,0
LN101807,43,Business Owner,2,Metro,75109,1323249,Education,120,9.92,4,770,1.468,1
LN101808,40,Business Owner,10,Rural,94752,3549638,Education,12,18.42,3,447,3.122,1
LN101809,33,Self-Employed,23,Tier-2,112810,138645,Home,24,20.35,0,544,0.102,0
LN101810,62,Salaried,28,Rural,142713,4970151,Home,60,20.31,1,452,2.902,0
LN101811,63,Salaried,27,Rural,170849,1005779,Vehicle,24,15.82,4,319,0.491,1
LN101812,34,Salaried,20,Metro,141496,3675598,Education,48,9.85,0,862,2.165,0
LN101813,37,Salaried,17,Metro,165639,1622773,Personal,48,21.77,3,554,0.816,0
LN101814,52,Business Owner,27,Metro,32812,1182791,Home,60,9.97,0,791,3.004,1
LN101815,35,Salaried,27,Tier-2,139300,757700,Business,24,10.84,3,732,0.453,0
LN101816,23,Unemployed,5,Metro,152459,3007629,Home,24,20.72,3,564,1.644,1
LN101817,32,Salaried,0,Tier-2,74238,4289953,Business,120,17.91,4,356,4.816,1
LN101818,60,Self-Employed,4,Rural,125242,4247594,Business,24,8.57,2,858,2.826,0
LN101819,53,Self-Employed,0,Tier-2,99650,2088758,Home,84,18.19,2,444,1.747,0
LN101820,57,Unemployed,6,Tier-2,104021,3245034,Medical,24,8.5,2,783,2.6,1
LN101821,24,Salaried,27,Metro,85703,3182606,Business,120,12.53,3,717,3.095,1
LN101822,58,Salaried,10,Tier-1,136709,513872,Medical,84,19.65,1,374,0.313,0
LN101823,38,Salaried,11,Tier-1,114160,190148,Education,24,14.16,2,312,0.139,1
LN101824,41,Business Owner,20,Rural,66575,2186437,Medical,120,12.87,3,713,2.737,1
LN101825,48,Salaried,6,Metro,20514,1616061,Business,120,11.16,1,683,6.565,0
LN101826,35,Salaried,27,Metro,41044,1693627,Vehicle,120,16.31,3,442,3.439,0
LN101827,62,Salaried,1,Tier-1,178333,2794492,Home,60,19.77,4,388,1.306,1
LN101828,59,Self-Employed,2,Tier-2,165765,3126257,Personal,48,19.33,2,616,1.572,0
LN101829,36,Business Owner,14,Metro,108687,3533468,Medical,12,10.55,0,734,2.709,0
LN101830,63,Self-Employed,7,Rural,34892,2008913,Home,120,15.73,4,580,4.798,0
LN101831,31,Salaried,28,Tier-2,192951,4019701,Education,84,7.36,0,791,1.736,0
LN101832,42,Self-Employed,14,Tier-1,193213,393706,Personal,24,9.2,2,807,0.17,0
LN101833,22,Self-Employed,25,Metro,47189,2925393,Business,48,7.12,1,836,5.166,0
LN101834,24,Salaried,26,Metro,185615,4490825,Business,36,17.96,4,368,2.016,1
LN101835,33,Salaried,0,Tier-1,194376,4033195,Education,84,13.44,0,727,1.729,0
LN101836,45,Salaried,14,Metro,23842,2588121,Personal,12,15.52,1,349,9.046,0
LN101837,51,Self-Employed,20,Metro,116489,276093,Business,36,13.63,0,719,0.198,0
LN101838,23,Self-Employed,29,Metro,33278,813392,Education,84,19.28,4,548,2.037,0
LN101839,28,Self-Employed,0,Metro,133152,3092262,Education,48,9.98,4,772,1.935,0
LN101840,32,Salaried,8,Metro,145327,662441,Medical,84,9.27,2,813,0.38,0
LN101841,26,Self-Employed,22,Tier-2,166952,3309733,Education,24,9.1,0,892,1.652,1
LN101842,42,Salaried,13,Metro,84454,1781857,Business,120,8.73,0,822,1.758,0
LN101843,47,Salaried,13,Rural,191057,3460111,Education,36,8.36,0,866,1.509,0
LN101844,54,Salaried,5,Tier-1,199556,3444561,Education,12,21.32,2,631,1.438,0
LN101845,55,Self-Employed,1,Tier-2,185762,4968799,Medical,60,13.94,2,652,2.229,0
LN101846,53,Self-Employed,14,Rural,91514,1921651,Personal,48,8.12,0,894,1.75,0
LN101847,47,Salaried,26,Tier-1,152538,4980970,Medical,12,21.73,2,411,2.721,1
LN101848,33,Salaried,20,Rural,26077,256352,Personal,12,17.53,3,450,0.819,1
LN101849,53,Self-Employed,26,Tier-1,104861,4437423,Home,48,8.28,4,896,3.526,0
LN101850,33,Business Owner,19,Metro,73376,3220062,Education,60,12.01,3,700,3.657,1
LN101851,47,Self-Employed,27,Tier-1,165452,850457,Home,36,11.43,1,664,0.428,0
LN101852,58,Salaried,3,Metro,39750,2319868,Education,24,9.86,2,831,4.863,1
LN101853,38,Salaried,2,Tier-2,19054,4071634,Vehicle,36,19.41,4,489,17.807,0
LN101854,33,Business Owner,18,Tier-2,23360,1540710,Medical,36,15.73,4,551,5.496,1
LN101855,27,Unemployed,0,Rural,47928,511467,Business,24,21.05,1,525,0.889,0
LN101856,40,Unemployed,29,Rural,172916,54838,Home,36,19.02,1,562,0.026,1
LN101857,40,Salaried,9,Tier-1,63332,4653262,Home,36,14.51,1,470,6.123,1
LN101858,51,Salaried,7,Metro,101060,219688,Business,60,20.43,2,535,0.181,1
LN101859,21,Salaried,20,Metro,93953,2616086,Medical,60,15.88,1,479,2.32,0
LN101860,61,Self-Employed,3,Tier-2,126087,2489546,Home,24,18.85,2,473,1.645,1
LN101861,64,Business Owner,23,Tier-2,146970,148743,Business,36,9.14,1,823,0.084,0
LN101862,51,Self-Employed,29,Tier-2,39290,4994840,Vehicle,84,18.29,0,580,10.594,1
LN101863,38,Self-Employed,22,Tier-1,187158,1356796,Education,60,21.26,0,419,0.604,1
LN101864,44,Business Owner,29,Metro,135362,551874,Medical,84,21.72,4,313,0.34,0
LN101865,41,Salaried,0,Metro,30961,4030013,Personal,48,8.18,4,811,10.847,1
LN101866,28,Salaried,14,Rural,27318,1226320,Education,12,14.87,4,567,3.741,0
LN101867,58,Salaried,28,Tier-1,145860,3645955,Personal,60,16.65,0,397,2.083,0
LN101868,55,Self-Employed,22,Tier-1,85941,4832931,Vehicle,120,17.42,1,598,4.686,1
LN101869,37,Salaried,2,Rural,96726,217720,Vehicle,60,16.69,4,412,0.188,1
LN101870,53,Business Owner,8,Tier-1,64682,736938,Personal,24,12.87,0,718,0.949,0
LN101871,47,Salaried,13,Tier-1,139558,4292040,Business,24,21.85,0,508,2.563,1
LN101872,28,Salaried,2,Tier-2,168824,3822247,Education,84,16.04,4,540,1.887,0
LN101873,50,Salaried,23,Metro,166369,3114730,Personal,24,20.61,3,631,1.56,0
LN101874,44,Salaried,19,Tier-2,81240,4442787,Home,120,16.39,3,436,4.557,0
LN101875,23,Salaried,14,Metro,161215,3474653,Education,48,21.4,4,313,1.796,1
LN101876,25,Salaried,6,Metro,165382,1726311,Home,84,8.02,4,813,0.87,0
LN101877,33,Self-Employed,4,Tier-2,102579,1276408,Personal,24,14.39,0,425,1.037,1
LN101878,64,Self-Employed,11,Metro,104164,3520128,Personal,48,16.54,3,629,2.816,0
LN101879,31,Self-Employed,13,Tier-1,198829,1006912,Home,24,18.21,2,441,0.422,0
LN101880,38,Self-Employed,0,Tier-2,143638,400155,Education,24,10.77,2,670,0.232,0
LN101881,26,Salaried,22,Metro,39717,3971405,Home,48,14.49,3,340,8.333,1
LN101882,59,Self-Employed,26,Tier-1,151498,2882225,Personal,120,18.41,3,332,1.585,1
LN101883,53,Salaried,20,Tier-1,17648,4232437,Personal,60,20.57,4,416,19.985,1
LN101884,23,Self-Employed,8,Tier-1,156179,3237482,Medical,48,12.62,4,701,1.727,0
LN101885,36,Salaried,29,Tier-1,175915,872766,Education,60,7.37,2,856,0.413,0
LN101886,45,Salaried,3,Metro,198679,2709244,Personal,48,8.79,1,758,1.136,0
LN101887,58,Self-Employed,5,Metro,71263,320811,Home,60,10.46,2,749,0.375,1
LN101888,60,Salaried,27,Tier-2,90906,3782273,Vehicle,120,9.56,0,862,3.467,0
LN101889,55,Unemployed,21,Tier-2,84477,1282625,Medical,12,15.23,0,360,1.265,1
LN101890,27,Self-Employed,26,Tier-2,38724,2932540,Education,24,21.73,3,558,6.311,1
LN101891,28,Salaried,16,Metro,27850,4282308,Home,120,13.55,4,681,12.814,1
LN101892,27,Salaried,18,Tier-2,98266,3709904,Home,48,12.71,1,721,3.146,1
LN101893,50,Unemployed,7,Tier-1,198810,1685152,Medical,120,10.71,2,703,0.706,0
LN101894,55,Self-Employed,6,Tier-2,16121,3501881,Medical,12,14.54,2,595,18.102,1
LN101895,55,Self-Employed,19,Metro,160875,342576,Home,12,9.8,4,841,0.177,0
LN101896,31,Self-Employed,2,Tier-2,72839,1546006,Vehicle,60,7.48,0,794,1.769,0
LN101897,42,Salaried,16,Tier-1,119184,360548,Medical,60,15.17,2,351,0.252,1
LN101898,37,Salaried,15,Tier-1,19260,708459,Personal,60,16.95,0,388,3.065,1
LN101899,32,Salaried,20,Tier-2,148021,141061,Home,60,7.55,3,798,0.079,0
LN101900,55,Self-Employed,2,Tier-2,26573,2575057,Medical,60,16.1,3,598,8.075,1
LN101901,56,Salaried,25,Tier-2,15701,335012,Home,48,8.8,4,750,1.778,1
LN101902,47,Salaried,17,Metro,178443,1663697,Home,120,12.68,4,663,0.777,0
LN101903,22,Salaried,14,Metro,160113,4728117,Personal,120,12.91,1,734,2.461,0
LN101904,60,Self-Employed,20,Rural,43310,259191,Education,48,9.3,3,878,0.499,0
LN101905,62,Salaried,20,Tier-1,71527,2338210,Vehicle,60,14.82,4,522,2.724,1
LN101906,34,Business Owner,20,Tier-2,69931,461137,Medical,12,15.34,4,320,0.55,0
LN101907,35,Self-Employed,16,Tier-1,45225,2470204,Vehicle,48,7.27,1,816,4.552,0
LN101908,43,Salaried,20,Tier-1,56248,1936528,Business,24,8.23,2,777,2.869,0
LN101909,29,Self-Employed,20,Metro,139441,3757287,Business,60,18.57,1,354,2.245,1
LN101910,37,Self-Employed,7,Tier-1,15540,2356732,Vehicle,48,8.56,0,764,12.638,0
LN101911,24,Salaried,7,Tier-1,32592,2628162,Business,48,17.96,1,469,6.72,0
LN101912,54,Salaried,19,Tier-1,79108,204636,Vehicle,120,19.67,4,511,0.216,0
LN101913,61,Self-Employed,9,Tier-1,157610,699706,Home,60,8.65,1,858,0.37,0
LN101914,23,Self-Employed,14,Rural,154770,599580,Home,36,7.87,0,784,0.323,0
LN101915,29,Self-Employed,29,Tier-1,181103,2743793,Medical,84,7.79,4,816,1.263,0
LN101916,37,Salaried,18,Rural,100059,1085079,Education,12,20.38,0,369,0.904,1
LN101917,22,Salaried,28,Rural,129027,4027472,Medical,48,20.84,4,407,2.601,0
LN101918,29,Unemployed,15,Tier-2,149587,4595819,Vehicle,24,16.71,1,529,2.56,0
LN101919,49,Salaried,28,Tier-1,172418,2589787,Medical,48,7.09,0,793,1.252,0
LN101920,25,Salaried,22,Metro,154822,3792681,Medical,48,19.87,3,354,2.041,1
LN101921,46,Business Owner,19,Rural,180745,3044570,Medical,60,18.71,2,516,1.404,0
LN101922,25,Self-Employed,28,Tier-1,17984,4924414,Education,12,7.52,3,879,22.818,1
LN101923,28,Business Owner,29,Metro,171622,981440,Personal,36,10.56,1,722,0.477,0
LN101924,36,Self-Employed,6,Metro,123392,506717,Vehicle,120,7.21,0,789,0.342,0
LN101925,57,Salaried,9,Tier-1,125727,2335546,Medical,36,20.27,3,342,1.548,1
LN101926,64,Salaried,15,Metro,160449,118667,Business,60,18.36,1,547,0.062,0
LN101927,27,Salaried,11,Tier-1,52118,3970585,Medical,24,11.38,1,650,6.349,0
LN101928,41,Salaried,3,Tier-2,16270,1758333,Medical,36,19.9,1,429,9.006,1
LN101929,51,Salaried,13,Tier-2,54433,359020,Home,24,20.46,0,418,0.55,0
LN101930,61,Self-Employed,22,Tier-1,81796,2154167,Home,120,14.39,0,488,2.195,0
LN101931,49,Salaried,20,Tier-2,196887,2133558,Education,60,14.36,0,413,0.903,1
LN101932,47,Unemployed,19,Tier-1,143110,3937935,Home,60,9.99,2,889,2.293,0
LN101933,34,Self-Employed,17,Tier-2,168006,2936264,Vehicle,24,7.8,2,885,1.456,0
LN101934,54,Self-Employed,5,Metro,30628,2231253,Vehicle,84,11.45,0,658,6.071,0
LN101935,38,Business Owner,6,Tier-1,72136,2072394,Vehicle,48,21.32,3,508,2.394,0
LN101936,25,Unemployed,16,Tier-2,153506,3836238,Education,24,19.43,2,467,2.083,1
LN101937,28,Self-Employed,10,Metro,37359,4941044,Home,24,17.34,0,546,11.022,0
LN101938,41,Business Owner,25,Tier-2,66456,4382014,Home,12,14.58,2,540,5.495,1
LN101939,42,Self-Employed,18,Tier-2,153933,1151648,Business,60,9.1,1,809,0.623,0
LN101940,36,Salaried,15,Tier-1,108723,3374432,Personal,36,17.67,4,456,2.586,1
LN101941,36,Business Owner,4,Tier-1,187170,1508117,Home,84,7.0,3,864,0.671,0
LN101942,56,Business Owner,14,Metro,19779,922494,Medical,48,19.49,3,531,3.887,0
LN101943,33,Self-Employed,10,Tier-1,31390,3033226,Education,36,9.75,0,789,8.053,0
LN101944,41,Self-Employed,0,Metro,123077,3296376,Education,48,15.7,3,522,2.232,1
LN101945,54,Self-Employed,6,Rural,70987,3265270,Business,12,15.71,3,469,3.833,1
LN101946,54,Business Owner,20,Tier-1,17760,2217408,Personal,24,17.27,4,557,10.405,1
LN101947,23,Self-Employed,26,Tier-1,117682,1934574,Vehicle,12,12.74,2,698,1.37,0
LN101948,64,Salaried,13,Tier-1,33029,4516054,Medical,84,7.57,2,799,11.394,0
LN101949,62,Salaried,25,Tier-1,31684,4651463,Medical,24,21.74,1,576,12.234,1
LN101950,51,Salaried,23,Tier-1,120088,3516374,Home,48,14.33,3,534,2.44,1
LN101951,63,Self-Employed,28,Metro,153713,4160119,Medical,36,18.62,2,497,2.255,1
LN101952,30,Salaried,28,Tier-2,41653,2240475,Vehicle,120,15.75,3,552,4.482,1
LN101953,34,Salaried,1,Tier-2,198096,4711705,Vehicle,24,14.9,0,467,1.982,1
LN101954,27,Salaried,18,Tier-2,166526,2633146,Personal,48,18.06,1,473,1.318,0
LN101955,56,Salaried,18,Tier-1,68247,4451445,Education,60,14.47,4,606,5.435,0
LN101956,43,Salaried,23,Rural,163737,2087128,Education,60,13.75,1,744,1.062,0
LN101957,59,Self-Employed,20,Tier-1,76146,3915997,Personal,84,7.53,4,802,4.286,0
LN101958,30,Self-Employed,25,Metro,37535,2120362,Personal,60,9.51,1,829,4.708,0
LN101959,34,Business Owner,16,Tier-2,165106,2841816,Home,12,16.82,0,403,1.434,1
LN101960,42,Business Owner,7,Tier-2,189192,3237061,Vehicle,60,8.75,4,861,1.426,0
LN101961,51,Salaried,15,Metro,75174,310473,Home,120,14.84,0,307,0.344,1
LN101962,34,Unemployed,9,Metro,74189,3862413,Education,12,7.67,2,814,4.338,0
LN101963,39,Salaried,2,Metro,41340,1717061,Personal,120,18.28,2,590,3.461,0
LN101964,30,Salaried,6,Tier-1,138493,3239072,Home,60,20.19,4,409,1.949,1
LN101965,52,Self-Employed,1,Metro,169615,4166840,Vehicle,48,18.92,0,568,2.047,1
LN101966,48,Salaried,12,Tier-1,91707,3342669,Personal,36,18.74,2,527,3.037,0
LN101967,48,Salaried,10,Metro,28767,4873624,Business,48,15.04,3,371,14.118,0
LN101968,29,Self-Employed,1,Tier-1,52010,3796700,Medical,12,9.27,2,759,6.083,0
LN101969,44,Salaried,20,Rural,49204,4207766,Home,24,14.46,2,643,7.126,0
LN101970,31,Salaried,22,Rural,24089,330878,Home,36,8.4,0,877,1.145,0
LN101971,29,Business Owner,24,Metro,52844,1421502,Business,120,16.1,0,436,2.242,0
LN101972,42,Business Owner,17,Metro,123223,2300014,Home,12,7.08,1,850,1.555,0
LN101973,40,Unemployed,9,Tier-2,76691,3357904,Education,60,9.09,2,844,3.649,1
LN101974,49,Self-Employed,23,Metro,22312,4061717,Education,36,16.96,3,485,15.17,0
LN101975,48,Self-Employed,1,Tier-2,59672,4216649,Personal,48,21.73,4,400,5.889,1
LN101976,43,Unemployed,17,Tier-2,176214,3116587,Personal,36,14.19,1,473,1.474,1
LN101977,57,Salaried,6,Tier-1,22197,2507202,Vehicle,24,21.52,3,642,9.413,1
LN101978,38,Self-Employed,23,Tier-1,36921,1117345,Personal,120,14.14,4,605,2.522,1
LN101979,52,Self-Employed,4,Rural,89418,899053,Education,48,8.97,0,859,0.838,0
LN101980,55,Salaried,11,Rural,162108,1956202,Personal,48,12.03,0,736,1.006,0
LN101981,47,Salaried,12,Rural,129914,2125031,Business,24,10.32,3,695,1.363,1
LN101982,42,Salaried,1,Metro,129637,1917971,Business,48,18.54,3,337,1.233,0
LN101983,47,Business Owner,1,Metro,143732,4617566,Personal,60,19.93,0,608,2.677,0
LN101984,56,Salaried,25,Tier-1,189739,2819494,Vehicle,24,13.52,1,703,1.238,0
LN101985,27,Salaried,13,Tier-1,181158,2064534,Medical,60,18.78,0,645,0.95,0
LN101986,39,Salaried,17,Tier-1,177563,2956924,Home,48,18.13,1,409,1.388,0
LN101987,52,Salaried,25,Metro,187252,4642958,Home,12,7.83,2,781,2.066,0
LN101988,40,Self-Employed,21,Tier-2,177238,3513025,Education,12,15.24,1,439,1.652,0
LN101989,49,Unemployed,17,Rural,74652,4537492,Vehicle,24,13.33,3,663,5.065,0
LN101990,46,Business Owner,28,Tier-2,57545,3379207,Home,12,14.12,1,392,4.894,1
LN101991,23,Self-Employed,19,Tier-2,28301,2182390,Vehicle,48,16.77,0,409,6.426,1
LN101992,27,Self-Employed,25,Tier-1,181710,1157893,Home,12,16.96,2,330,0.531,1
LN101993,51,Self-Employed,2,Tier-2,182349,3902326,Business,12,21.55,0,539,1.783,1
LN101994,31,Self-Employed,16,Tier-1,122024,2766912,Personal,120,19.14,0,369,1.89,0
LN101995,21,Business Owner,23,Rural,123109,1255423,Personal,120,8.14,0,786,0.85,0
LN101996,48,Self-Employed,25,Tier-2,42162,1649856,Education,12,9.05,0,783,3.261,0
LN101997,56,Business Owner,7,Tier-2,146542,3046835,Education,48,21.51,4,614,1.733,0
LN101998,52,Business Owner,1,Rural,164708,2396414,Vehicle,120,10.91,3,684,1.212,0
LN101999,59,Salaried,1,Tier-2,39339,4685804,Education,12,19.83,4,627,9.926,1
LN102000,35,Salaried,13,Metro,71062,1879453,Personal,24,16.62,1,619,2.204,0
LN102001,44,Salaried,24,Metro,155481,1848628,Medical,36,9.97,3,779,0.991,0
LN102002,28,Salaried,7,Metro,195357,713360,Home,36,18.28,3,336,0.304,1
LN102003,39,Self-Employed,11,Tier-1,58405,2839384,Home,120,15.83,2,315,4.051,0
LN102004,32,Salaried,12,Metro,195528,2566887,Medical,84,18.12,1,579,1.094,0
LN102005,63,Self-Employed,14,Tier-2,79842,3095764,Personal,120,14.84,0,536,3.231,0
LN102006,58,Business Owner,27,Tier-2,188921,3779639,Education,84,13.28,0,675,1.667,0
LN102007,22,Salaried,13,Tier-2,157420,607168,Education,60,17.22,3,307,0.321,1
LN102008,63,Business Owner,28,Rural,26786,3485998,Business,36,11.71,0,738,10.845,0
LN102009,29,Salaried,25,Tier-2,164918,4642177,Medical,48,18.51,3,493,2.346,0
LN102010,21,Salaried,1,Metro,95931,3622447,Business,24,12.08,4,707,3.147,1
LN102011,51,Self-Employed,14,Tier-2,101299,1653751,Personal,60,21.58,0,370,1.36,1
LN102012,62,Salaried,0,Rural,152218,1649831,Home,12,18.31,4,483,0.903,0
LN102013,25,Salaried,0,Tier-1,52298,1046755,Business,12,15.51,3,563,1.668,0
LN102014,34,Self-Employed,22,Metro,67587,1401345,Education,84,8.24,1,846,1.728,0
LN102015,31,Unemployed,16,Metro,94397,2905221,Medical,48,9.82,0,810,2.565,0
LN102016,35,Business Owner,22,Metro,189153,4924833,Business,24,17.14,0,595,2.17,0
LN102017,42,Salaried,19,Tier-1,65409,3676860,Home,48,15.69,0,535,4.684,1
LN102018,29,Business Owner,22,Tier-2,46900,4765681,Education,12,10.72,1,715,8.468,1
LN102019,56,Salaried,1,Metro,56939,3175702,Medical,24,16.21,1,549,4.648,1
LN102020,62,Salaried,28,Tier-1,88839,2973470,Business,60,20.06,4,563,2.789,0
LN102021,34,Unemployed,14,Metro,46600,1097952,Personal,120,17.6,1,375,1.963,1
LN102022,38,Business Owner,8,Tier-1,96203,851505,Vehicle,60,16.51,4,365,0.738,1
LN102023,61,Self-Employed,3,Tier-2,121764,2335554,Education,24,17.67,3,474,1.598,1
LN102024,42,Salaried,13,Rural,40806,1682121,Personal,48,7.81,4,895,3.435,0
LN102025,62,Salaried,18,Metro,150967,3301404,Education,120,15.61,2,453,1.822,0
LN102026,23,Business Owner,1,Rural,94607,4055156,Medical,48,7.73,4,880,3.572,0
LN102027,45,Salaried,0,Tier-1,151609,2046551,Home,36,16.39,2,335,1.125,0
LN102028,56,Salaried,19,Tier-1,195228,1671911,Medical,48,9.68,2,819,0.714,0
LN102029,39,Salaried,10,Tier-1,174373,2338460,Business,24,20.72,1,392,1.118,0
LN102030,55,Salaried,1,Metro,152791,307405,Education,36,21.7,4,362,0.168,0
LN102031,34,Business Owner,6,Tier-1,144053,4367696,Personal,84,20.34,2,528,2.527,1
LN102032,53,Salaried,19,Metro,108187,2114447,Personal,120,9.2,1,791,1.629,0
LN102033,41,Salaried,26,Tier-2,83639,3996450,Business,60,16.39,3,477,3.982,1
LN102034,44,Salaried,17,Tier-1,130736,2313037,Home,60,9.3,4,896,1.474,0
LN102035,52,Salaried,0,Tier-2,144954,1267839,Personal,120,8.89,0,798,0.729,0
LN102036,60,Business Owner,22,Metro,55442,4506054,Personal,84,16.87,2,550,6.773,0
LN102037,50,Business Owner,9,Tier-1,128104,3718268,Medical,60,16.76,2,522,2.419,0
LN102038,30,Salaried,7,Tier-1,57925,3042496,Education,120,21.54,3,555,4.377,1
LN102039,60,Salaried,9,Tier-2,25892,4578052,Personal,36,16.76,0,310,14.734,0
LN102040,34,Self-Employed,6,Tier-2,31429,549788,Personal,120,7.14,4,812,1.458,0
LN102041,63,Business Owner,15,Tier-1,91352,4700338,Vehicle,24,18.38,3,533,4.288,1
LN102042,55,Salaried,9,Tier-2,35342,3451940,Medical,24,13.47,1,684,8.139,0
LN102043,33,Salaried,15,Rural,199216,4117648,Business,48,13.71,2,651,1.722,0
LN102044,25,Salaried,14,Tier-1,64569,4887619,Education,84,8.59,2,867,6.308,0
LN102045,47,Self-Employed,24,Tier-1,66656,495892,Education,24,19.33,4,635,0.62,0
LN102046,53,Salaried,27,Metro,150351,96608,Personal,120,12.01,1,703,0.054,0
LN102047,53,Salaried,20,Metro,150257,705641,Personal,36,18.01,0,320,0.391,1
LN102048,45,Salaried,3,Tier-1,148909,1211569,Home,12,15.42,4,325,0.678,1
LN102049,28,Salaried,8,Tier-2,81128,2646324,Vehicle,36,12.09,2,653,2.718,1
LN102050,25,Salaried,23,Metro,179374,1026894,Business,36,12.26,2,670,0.477,0
LN102051,63,Unemployed,24,Rural,114058,3211301,Medical,48,21.64,3,338,2.346,0
LN102052,30,Salaried,10,Metro,70456,1688851,Vehicle,48,15.67,2,402,1.998,0
LN102053,39,Self-Employed,15,Tier-1,21988,2687254,Personal,24,8.22,0,785,10.185,0
LN102054,47,Salaried,7,Tier-2,153318,407025,Medical,60,16.06,0,329,0.221,0
LN102055,35,Salaried,16,Tier-1,62502,201106,Personal,12,12.43,3,673,0.268,0
LN102056,55,Business Owner,13,Rural,36622,211182,Home,48,19.2,3,537,0.481,0
LN102057,58,Salaried,20,Tier-1,81474,4317336,Vehicle,84,21.37,3,559,4.416,1
LN102058,21,Salaried,10,Metro,118902,2522953,Home,120,9.01,3,814,1.768,0
LN102059,50,Business Owner,2,Tier-1,110335,4466733,Medical,24,15.54,2,413,3.374,1
LN102060,26,Salaried,6,Tier-2,182019,2758007,Medical,48,14.57,1,638,1.263,0
LN102061,32,Business Owner,5,Tier-1,175020,4690385,Personal,48,20.25,4,417,2.233,1
LN102062,55,Salaried,21,Tier-2,109660,712454,Personal,24,21.57,2,396,0.541,0
LN102063,54,Salaried,6,Tier-2,102775,3634407,Home,36,12.81,3,659,2.947,0
LN102064,43,Salaried,19,Tier-1,102526,4609807,Business,60,17.22,2,422,3.747,0
LN102065,49,Self-Employed,12,Tier-2,89705,3408125,Medical,24,16.49,2,610,3.166,0
LN102066,46,Business Owner,7,Tier-2,55538,3504232,Business,36,20.65,2,639,5.258,0
LN102067,22,Salaried,15,Metro,23689,2073209,Education,120,10.35,3,675,7.293,0
LN102068,25,Salaried,18,Tier-2,101092,3623222,Personal,24,16.95,0,621,2.987,1
LN102069,31,Unemployed,22,Tier-1,55540,1952497,Home,48,7.76,0,825,2.93,0
LN102070,48,Self-Employed,9,Tier-1,72320,2768426,Personal,84,19.96,4,383,3.19,1
LN102071,39,Self-Employed,18,Tier-2,28821,3275698,Education,60,16.52,0,464,9.471,0
LN102072,39,Salaried,21,Tier-2,91297,3385006,Personal,24,13.7,3,719,3.09,0
LN102073,48,Business Owner,6,Tier-2,23528,1188519,Business,36,13.25,2,665,4.21,1
LN102074,27,Self-Employed,5,Tier-1,115561,1069117,Medical,36,21.41,1,630,0.771,0
LN102075,49,Salaried,29,Metro,28576,4782527,Medical,120,11.1,0,652,13.947,0
LN102076,55,Business Owner,15,Metro,167592,3950197,Personal,12,10.2,3,734,1.964,0
LN102077,36,Business Owner,12,Tier-2,165933,3900057,Medical,12,15.34,3,427,1.959,1
LN102078,21,Salaried,10,Tier-1,66179,3950795,Education,84,8.13,3,879,4.975,1
LN102079,30,Self-Employed,19,Rural,188687,2479766,Medical,12,10.36,4,729,1.095,0
LN102080,23,Self-Employed,13,Metro,40200,4544394,Home,48,15.98,2,608,9.42,0
LN102081,43,Business Owner,16,Tier-1,79675,2430274,Vehicle,60,20.8,2,492,2.542,0
LN102082,33,Salaried,22,Tier-1,90300,1253796,Medical,60,8.76,2,821,1.157,0
LN102083,37,Salaried,29,Tier-1,37219,3699373,Personal,12,14.55,4,364,8.283,1
LN102084,38,Salaried,27,Tier-2,161335,1266112,Education,48,14.25,2,496,0.654,0
LN102085,51,Salaried,15,Tier-1,111780,2323439,Personal,120,18.04,2,314,1.732,1
LN102086,55,Self-Employed,15,Metro,50257,275333,Vehicle,36,21.29,1,585,0.457,0
LN102087,58,Self-Employed,23,Tier-1,75097,3953845,Vehicle,24,16.19,0,578,4.387,1
LN102088,42,Self-Employed,12,Tier-2,129321,620023,Education,48,16.28,1,593,0.4,0
LN102089,44,Unemployed,23,Tier-2,173507,2218446,Medical,120,13.03,2,749,1.065,1
LN102090,47,Business Owner,1,Metro,90588,2262306,Home,48,21.3,1,632,2.081,0
LN102091,58,Unemployed,18,Tier-1,152425,3036032,Education,120,14.08,2,451,1.66,1
LN102092,22,Business Owner,21,Metro,92292,4756589,Business,120,9.58,4,809,4.295,0
LN102093,29,Self-Employed,18,Tier-1,91528,2882952,Business,120,7.2,0,885,2.625,0
LN102094,23,Salaried,11,Tier-2,121264,3546954,Education,60,20.38,2,628,2.437,0
LN102095,29,Business Owner,8,Tier-1,178235,4640486,Home,120,11.85,0,711,2.17,0
LN102096,59,Salaried,2,Tier-2,159918,3231094,Education,48,21.6,3,344,1.684,0
LN102097,54,Salaried,12,Tier-1,109744,3980638,Education,120,7.99,3,856,3.023,0
LN102098,40,Salaried,23,Metro,126266,3766151,Education,12,12.1,0,740,2.486,0
LN102099,37,Unemployed,9,Rural,56648,2730726,Home,48,16.89,4,514,4.017,1
LN102100,54,Self-Employed,9,Tier-2,51218,3664473,Education,60,17.17,0,486,5.962,0
LN102101,43,Salaried,28,Metro,62325,876563,Home,12,19.09,2,341,1.172,1
LN102102,45,Salaried,15,Tier-1,142742,731782,Personal,48,8.76,2,862,0.427,0
LN102103,38,Business Owner,2,Tier-2,196827,3768923,Education,48,20.67,4,326,1.596,0
LN102104,25,Business Owner,14,Rural,37251,1433159,Vehicle,12,14.02,0,523,3.206,1
LN102105,51,Salaried,17,Metro,95589,4214436,Medical,48,20.6,1,645,3.674,0
LN102106,41,Business Owner,0,Metro,176932,1634191,Vehicle,36,9.25,1,781,0.77,0
LN102107,53,Salaried,10,Metro,84017,3343225,Home,120,21.14,0,551,3.316,1
LN102108,37,Salaried,24,Tier-1,188289,1442036,Personal,12,18.23,1,548,0.638,1
LN102109,58,Salaried,18,Tier-2,31674,2941042,Business,36,14.93,1,484,7.738,0
LN102110,26,Self-Employed,9,Tier-1,128257,1742324,Personal,24,7.06,0,861,1.132,0
LN102111,45,Salaried,7,Tier-1,148463,4477933,Business,12,14.25,4,360,2.513,1
LN102112,32,Salaried,1,Tier-2,101861,3918992,Business,36,19.56,1,346,3.206,1
LN102113,34,Salaried,15,Metro,142884,1006610,Business,120,21.3,4,576,0.587,0
LN102114,41,Self-Employed,20,Tier-1,162222,1043308,Education,48,12.54,2,676,0.536,0
LN102115,61,Unemployed,0,Tier-2,59937,3343572,Education,84,16.07,4,625,4.649,1
LN102116,27,Unemployed,28,Metro,53196,4219276,Home,120,19.62,4,428,6.61,1
LN102117,53,Self-Employed,28,Tier-1,189365,170062,Personal,84,13.85,3,689,0.075,0
LN102118,63,Business Owner,11,Metro,152024,1929450,Home,24,17.49,0,584,1.058,1
LN102119,28,Self-Employed,3,Rural,107769,1749763,Business,120,12.24,1,736,1.353,0
LN102120,25,Salaried,4,Tier-1,177390,2037479,Vehicle,36,18.28,2,369,0.957,1
LN102121,36,Unemployed,29,Tier-2,23168,952598,Business,36,19.44,4,523,3.426,1
LN102122,58,Salaried,25,Metro,198559,3414436,Vehicle,120,21.53,0,525,1.433,0
LN102123,59,Business Owner,12,Tier-1,69861,2932319,Business,84,15.73,0,312,3.498,1
LN102124,31,Salaried,17,Metro,119539,3378173,Business,36,9.85,2,870,2.355,0
LN102125,48,Unemployed,3,Metro,110981,400249,Vehicle,36,20.95,1,637,0.301,0
LN102126,50,Unemployed,4,Tier-1,107427,1455471,Personal,48,18.6,1,406,1.129,1
LN102127,25,Unemployed,27,Tier-1,36815,4352084,Medical,120,16.68,4,319,9.851,1
LN102128,47,Salaried,1,Metro,54657,467273,Medical,36,17.45,4,522,0.712,0
LN102129,63,Self-Employed,16,Tier-2,26796,4183735,Vehicle,84,15.6,1,557,13.011,1
LN102130,40,Business Owner,4,Tier-2,144490,3805041,Business,60,16.06,4,372,2.195,0
LN102131,42,Business Owner,18,Tier-1,121113,3793091,Personal,24,18.17,3,384,2.61,0
LN102132,33,Self-Employed,25,Tier-1,122590,3830205,Home,24,9.92,3,754,2.604,1
LN102133,28,Salaried,28,Tier-1,73674,313239,Vehicle,12,18.22,1,593,0.354,0
LN102134,64,Salaried,4,Tier-1,93547,1169768,Personal,36,9.49,1,786,1.042,0
LN102135,58,Business Owner,27,Tier-2,38665,632242,Business,120,19.83,4,552,1.363,0
LN102136,32,Salaried,11,Tier-2,196161,4905986,Personal,12,10.62,3,655,2.084,0
LN102137,53,Salaried,28,Tier-1,23207,4154802,Personal,36,21.51,4,639,14.919,1
LN102138,21,Business Owner,21,Tier-2,141243,4102613,Personal,12,12.9,3,747,2.421,1
LN102139,46,Salaried,27,Tier-1,143260,3012762,Medical,60,7.43,3,797,1.753,0
LN102140,54,Salaried,5,Tier-2,53512,3695898,Home,24,7.54,2,897,5.756,0
LN102141,33,Salaried,4,Metro,104945,959975,Home,84,9.95,4,802,0.762,0
LN102142,30,Salaried,14,Tier-2,129108,4462585,Vehicle,60,7.85,0,762,2.88,0
LN102143,24,Unemployed,20,Tier-1,152363,2839967,Medical,84,21.43,1,536,1.553,0
LN102144,46,Salaried,6,Tier-2,64190,276249,Vehicle,36,19.65,1,463,0.359,0
LN102145,43,Salaried,10,Metro,153288,1643886,Education,60,12.01,4,673,0.894,1
LN102146,61,Business Owner,21,Metro,28025,3509781,Medical,60,20.94,0,364,10.436,0
LN102147,24,Salaried,20,Tier-1,61698,2545648,Education,12,17.48,2,499,3.438,0
LN102148,62,Salaried,4,Tier-1,78972,2943546,Medical,84,17.84,0,546,3.106,1
LN102149,52,Unemployed,27,Rural,67707,3640086,Home,24,11.0,0,700,4.48,0
LN102150,33,Salaried,11,Tier-1,26489,2876325,Vehicle,12,20.81,2,396,9.049,1
LN102151,64,Self-Employed,0,Tier-2,45779,3149067,Business,120,15.97,2,414,5.732,1
LN102152,26,Self-Employed,29,Tier-2,49964,4840151,Medical,36,19.1,2,462,8.073,0
LN102153,55,Salaried,7,Tier-1,129476,394364,Business,84,12.31,2,668,0.254,0
LN102154,48,Salaried,17,Tier-2,63970,3089889,Personal,84,20.27,2,493,4.025,1
LN102155,38,Salaried,16,Tier-1,57385,4681527,Education,84,17.46,3,330,6.798,1
LN102156,32,Self-Employed,22,Rural,104271,3799054,Vehicle,12,16.3,1,493,3.036,0
LN102157,25,Salaried,13,Metro,126785,3698149,Personal,36,21.64,4,363,2.431,1
LN102158,24,Business Owner,29,Tier-1,140767,505357,Home,36,20.93,2,431,0.299,1
LN102159,45,Salaried,8,Tier-1,136869,3193336,Business,12,8.47,1,885,1.944,0
LN102160,28,Self-Employed,26,Rural,107947,721494,Home,48,14.61,1,633,0.557,0
LN102161,52,Salaried,21,Metro,94498,4285305,Personal,60,19.79,2,327,3.779,0
LN102162,21,Salaried,19,Tier-2,44258,4549486,Medical,24,7.31,3,896,8.566,0
LN102163,61,Salaried,11,Tier-2,173133,4229707,Vehicle,36,21.72,1,532,2.036,1
LN102164,22,Salaried,27,Tier-1,33255,2176524,Medical,36,20.8,0,430,5.454,1
LN102165,28,Salaried,12,Metro,129144,332197,Vehicle,36,13.63,1,698,0.214,0
LN102166,50,Business Owner,14,Tier-1,187237,1815664,Home,120,8.42,3,750,0.808,0
LN102167,52,Unemployed,14,Metro,65665,4386887,Medical,48,7.02,2,816,5.567,1
LN102168,49,Salaried,18,Tier-1,20978,1515811,Education,24,14.58,4,544,6.021,0
LN102169,30,Salaried,10,Tier-1,156051,2491994,Education,84,13.34,4,664,1.331,1
LN102170,37,Salaried,27,Tier-2,158927,724517,Personal,84,13.23,1,678,0.38,0
LN102171,36,Business Owner,12,Tier-2,48039,4924198,Home,120,14.59,3,368,8.542,1
LN102172,46,Salaried,12,Tier-1,175544,100109,Personal,36,17.64,0,562,0.048,0
LN102173,45,Business Owner,17,Tier-1,146523,2443611,Home,120,21.16,3,621,1.39,0
LN102174,33,Business Owner,10,Metro,16041,4848232,Home,36,8.59,3,820,25.187,0
LN102175,53,Business Owner,3,Tier-1,101638,631231,Business,60,12.45,4,702,0.518,0
LN102176,62,Salaried,26,Tier-2,155367,425504,Education,60,7.79,1,756,0.228,1
LN102177,61,Unemployed,26,Metro,79328,3796809,Business,36,17.96,2,519,3.989,0
LN102178,23,Salaried,0,Metro,91009,1218956,Medical,84,21.15,4,311,1.116,1
LN102179,36,Self-Employed,6,Tier-1,172577,2985696,Home,60,14.97,1,607,1.442,0
LN102180,26,Business Owner,27,Metro,74338,4124303,Home,84,20.05,0,349,4.623,1
LN102181,63,Self-Employed,7,Tier-2,105638,4516848,Education,84,14.94,2,382,3.563,0
LN102182,27,Self-Employed,29,Tier-1,144938,4318392,Home,84,10.84,0,689,2.483,1
LN102183,58,Salaried,29,Tier-1,147351,4349794,Business,120,15.88,4,308,2.46,1
LN102184,60,Salaried,18,Rural,21447,573845,Medical,24,19.89,2,418,2.23,1
LN102185,49,Self-Employed,29,Metro,138080,507142,Vehicle,24,12.58,1,728,0.306,0
LN102186,22,Salaried,27,Tier-1,107767,4465227,Home,12,17.39,1,576,3.453,0
LN102187,35,Salaried,3,Tier-2,129926,56440,Personal,84,11.82,1,655,0.036,0
LN102188,47,Self-Employed,20,Metro,42843,2089396,Business,48,19.63,2,648,4.064,1
LN102189,62,Self-Employed,5,Metro,170869,2028114,Business,120,21.28,3,601,0.989,0
LN102190,46,Salaried,19,Rural,53115,424009,Home,24,20.78,1,649,0.665,0
LN102191,51,Business Owner,21,Rural,121897,1428658,Business,120,7.89,3,845,0.977,0
LN102192,43,Salaried,12,Tier-1,150872,346444,Vehicle,48,21.26,4,586,0.191,1
LN102193,31,Unemployed,21,Tier-1,134961,2200936,Education,84,12.96,1,694,1.359,1
LN102194,32,Salaried,24,Tier-2,94134,1169385,Business,120,8.34,1,807,1.035,0
LN102195,39,Self-Employed,20,Rural,55705,4988284,Home,48,21.81,3,516,7.462,1
LN102196,27,Self-Employed,5,Tier-1,97763,3571856,Medical,120,10.65,2,740,3.045,0
LN102197,30,Self-Employed,12,Tier-1,184888,2664004,Personal,84,21.71,2,327,1.201,0
LN102198,40,Salaried,1,Metro,88376,2843033,Vehicle,12,11.9,4,718,2.681,0
LN102199,45,Business Owner,22,Tier-1,17234,534678,Education,36,7.65,0,825,2.585,0
LN102200,48,Self-Employed,18,Tier-2,68393,2692923,Home,60,7.54,1,817,3.281,1
LN102201,30,Salaried,24,Tier-1,136876,4334343,Home,120,21.92,4,477,2.639,1
LN102202,22,Salaried,28,Rural,144117,1984366,Vehicle,84,9.54,1,883,1.147,0
LN102203,23,Business Owner,8,Tier-1,135621,3201089,Medical,48,10.27,4,661,1.967,0
LN102204,53,Salaried,7,Rural,108829,3629926,Personal,60,18.87,4,509,2.78,0
LN102205,42,Salaried,17,Tier-2,15771,1975838,Business,24,18.4,4,357,10.44,1
LN102206,24,Salaried,20,Tier-2,188227,211464,Vehicle,24,13.99,2,652,0.094,0
LN102207,60,Salaried,12,Tier-2,90185,4894859,Personal,36,8.43,3,866,4.523,0
LN102208,40,Salaried,28,Metro,22757,138839,Vehicle,48,7.86,2,790,0.508,0
LN102209,28,Salaried,2,Metro,128411,271861,Business,60,21.07,1,377,0.176,0
LN102210,38,Unemployed,20,Tier-2,110011,4819403,Personal,48,14.49,3,476,3.651,1
LN102211,22,Self-Employed,8,Tier-1,189455,1007020,Education,48,14.27,3,555,0.443,0
LN102212,38,Salaried,2,Rural,197737,1542146,Business,12,13.24,4,745,0.65,0
LN102213,48,Business Owner,3,Metro,156432,1846482,Personal,120,17.39,3,364,0.984,0
LN102214,52,Unemployed,8,Tier-2,33128,1641724,Personal,48,11.6,1,729,4.13,0
LN102215,32,Salaried,6,Rural,15080,2125631,Personal,36,14.72,4,399,11.746,1
LN102216,54,Self-Employed,29,Tier-2,47358,4255855,Medical,24,9.06,4,841,7.489,0
LN102217,40,Business Owner,28,Rural,93269,4967616,Business,120,17.53,2,578,4.438,0
LN102218,55,Salaried,15,Rural,172658,366758,Business,24,8.71,1,792,0.177,0
LN102219,48,Salaried,28,Metro,148773,3895931,Business,60,17.07,0,429,2.182,0
LN102220,22,Business Owner,22,Tier-1,27659,1386235,Medical,120,21.83,0,405,4.177,1
LN102221,37,Salaried,4,Rural,198419,3950555,Business,12,7.75,1,754,1.659,0
LN102222,56,Salaried,29,Metro,150383,1202836,Education,60,21.63,3,586,0.667,0
LN102223,24,Salaried,22,Rural,33359,1975374,Home,84,19.75,2,458,4.935,1
LN102224,47,Salaried,13,Metro,46011,481543,Vehicle,24,17.59,0,460,0.872,0
LN102225,56,Self-Employed,16,Metro,163472,2539115,Home,120,19.91,0,402,1.294,0
LN102226,54,Business Owner,17,Tier-1,133178,1357019,Education,12,12.34,4,658,0.849,0
LN102227,38,Salaried,3,Tier-1,16579,638773,Vehicle,48,17.3,0,512,3.211,0
LN102228,34,Salaried,27,Tier-1,52803,789201,Medical,48,15.61,2,625,1.246,0
LN102229,64,Salaried,29,Tier-1,160934,1560776,Personal,36,10.45,1,696,0.808,1
LN102230,43,Salaried,1,Tier-1,114366,130230,Home,12,14.67,0,302,0.095,0
LN102231,37,Salaried,21,Rural,33645,415291,Home,120,8.37,3,841,1.029,0
LN102232,32,Self-Employed,28,Rural,193525,4108853,Home,12,15.66,1,583,1.769,0
LN102233,32,Self-Employed,17,Tier-2,94857,575764,Home,120,14.24,3,521,0.506,0
LN102234,62,Salaried,13,Tier-1,93713,3786501,Business,60,18.25,0,332,3.367,1
LN102235,55,Business Owner,11,Tier-1,25550,4222937,Medical,24,20.27,3,314,13.773,1
LN102236,57,Salaried,0,Tier-2,114312,4048929,Business,12,9.18,0,876,2.952,0
LN102237,54,Salaried,17,Tier-2,78018,2113228,Vehicle,48,9.22,4,762,2.257,0
LN102238,30,Business Owner,18,Metro,107507,3607494,Home,36,8.01,3,868,2.796,0
LN102239,57,Self-Employed,26,Tier-1,165322,2150803,Vehicle,120,14.5,3,311,1.084,1
LN102240,36,Business Owner,23,Tier-1,139766,3335702,Business,120,14.69,1,395,1.989,0
LN102241,47,Salaried,23,Tier-1,120567,4298706,Home,120,17.58,0,601,2.971,0
LN102242,21,Salaried,2,Tier-1,175133,3892972,Home,60,8.48,4,822,1.852,0
LN102243,43,Self-Employed,1,Tier-1,194087,2476695,Education,84,13.98,1,662,1.063,0
LN102244,44,Self-Employed,3,Tier-1,47763,2783429,Vehicle,120,10.57,0,686,4.856,0
LN102245,34,Salaried,19,Rural,24868,1425951,Personal,36,8.17,3,793,4.778,1
LN102246,23,Salaried,14,Tier-1,93167,1632444,Education,36,15.85,0,403,1.46,1
LN102247,49,Salaried,26,Tier-1,45275,4029250,Personal,60,8.49,1,751,7.416,0
LN102248,52,Self-Employed,7,Metro,42873,3193711,Home,24,16.71,4,541,6.208,1
LN102249,29,Business Owner,27,Rural,62742,150517,Medical,36,16.03,3,334,0.2,0
LN102250,27,Self-Employed,3,Tier-1,145723,762307,Education,24,20.44,4,390,0.436,1
LN102251,59,Salaried,10,Metro,85483,4534745,Home,60,8.11,1,764,4.421,1
LN102252,58,Salaried,13,Metro,171907,4730477,Medical,36,18.15,0,380,2.293,0
LN102253,21,Unemployed,16,Tier-1,32629,2916512,Home,60,10.51,3,702,7.449,1
LN102254,21,Business Owner,17,Metro,100918,1191676,Education,120,15.12,4,322,0.984,1
LN102255,41,Self-Employed,22,Metro,183899,546721,Business,48,10.66,2,747,0.248,0
LN102256,34,Business Owner,29,Tier-2,134983,616743,Business,48,19.67,1,509,0.381,0
LN102257,43,Salaried,1,Metro,48878,2085942,Education,60,19.39,2,606,3.556,0
LN102258,43,Self-Employed,15,Metro,109710,1498619,Education,12,21.61,0,401,1.138,1
LN102259,42,Salaried,0,Tier-1,26176,1058309,Home,24,15.95,4,605,3.369,1
LN102260,46,Salaried,0,Metro,86148,4116066,Vehicle,48,18.06,3,517,3.982,1
LN102261,28,Salaried,14,Rural,113214,980658,Education,24,9.98,4,809,0.722,0
LN102262,42,Salaried,20,Rural,28108,3363188,Home,24,18.7,3,591,9.971,0
LN102263,25,Salaried,24,Metro,15872,3977714,Vehicle,24,7.96,3,776,20.884,0
LN102264,63,Salaried,28,Rural,36689,316852,Medical,48,9.32,2,862,0.72,0
LN102265,64,Business Owner,23,Metro,134640,1869948,Education,24,20.38,0,302,1.157,1
LN102266,53,Self-Employed,24,Tier-2,96831,2543633,Medical,24,20.45,4,553,2.189,0
LN102267,35,Self-Employed,2,Rural,78899,3755804,Personal,24,8.8,0,785,3.967,0
LN102268,43,Self-Employed,16,Rural,98821,4198310,Home,36,11.54,0,692,3.54,0
LN102269,51,Salaried,23,Rural,65195,279755,Education,120,7.6,3,846,0.358,0
LN102270,47,Salaried,5,Tier-2,196443,3367552,Education,120,10.33,3,698,1.429,0
LN102271,42,Salaried,17,Tier-1,165178,727156,Vehicle,12,13.99,1,737,0.367,0
LN102272,53,Salaried,24,Tier-1,82543,2354692,Personal,24,14.66,4,533,2.377,1
LN102273,60,Salaried,24,Rural,99855,3340717,Personal,24,16.62,4,551,2.788,0
LN102274,35,Unemployed,9,Rural,121781,1973180,Education,84,16.98,1,463,1.35,0
LN102275,37,Self-Employed,13,Tier-1,117894,3453203,Personal,60,12.55,3,665,2.441,0
LN102276,39,Salaried,7,Rural,21826,1749185,Education,12,16.7,3,497,6.679,1
LN102277,53,Salaried,6,Rural,165972,4866542,Home,36,15.66,0,561,2.443,1
LN102278,30,Self-Employed,9,Tier-2,173107,1379326,Vehicle,36,18.9,4,630,0.664,1
LN102279,32,Salaried,18,Metro,136871,110925,Education,120,12.06,3,732,0.068,1
LN102280,55,Salaried,16,Tier-2,162965,1790970,Vehicle,36,9.23,2,783,0.916,0
LN102281,39,Self-Employed,13,Tier-2,38807,4409980,Home,24,21.47,3,602,9.47,0
LN102282,33,Business Owner,21,Tier-2,43920,930354,Education,36,18.44,4,596,1.765,1
LN102283,41,Salaried,14,Tier-1,41219,89697,Business,12,12.88,3,710,0.181,0
LN102284,34,Unemployed,8,Tier-2,188444,1752151,Vehicle,48,8.59,0,790,0.775,0
LN102285,23,Salaried,9,Tier-1,35900,4628635,Education,12,16.73,1,345,10.744,1
LN102286,41,Self-Employed,25,Tier-2,34153,3229737,Business,36,15.69,0,458,7.881,1
LN102287,30,Salaried,6,Metro,161061,2202411,Medical,36,11.31,1,709,1.14,0
LN102288,52,Business Owner,3,Metro,39914,3937495,Education,84,7.79,2,837,8.221,1
LN102289,41,Self-Employed,28,Metro,138975,940263,Vehicle,12,10.58,0,744,0.564,0
LN102290,31,Salaried,10,Metro,48082,3945287,Business,60,12.66,3,743,6.838,1
LN102291,49,Salaried,9,Tier-2,160235,2451427,Medical,24,18.26,1,352,1.275,0
LN102292,37,Salaried,4,Rural,84833,2463011,Medical,36,9.54,1,868,2.419,0
LN102293,56,Salaried,24,Metro,173578,3167653,Medical,60,20.48,0,325,1.521,0
LN102294,59,Self-Employed,12,Metro,109982,2890123,Business,60,7.37,1,878,2.19,0
LN102295,49,Unemployed,13,Tier-1,91674,4424065,Education,48,17.9,4,343,4.022,1
LN102296,24,Self-Employed,6,Metro,60418,3832782,Education,120,20.16,1,324,5.286,0
LN102297,63,Self-Employed,26,Metro,133155,536859,Personal,120,20.48,2,505,0.336,0
LN102298,26,Salaried,20,Tier-1,88440,4189143,Personal,84,15.01,3,491,3.947,1
LN102299,33,Salaried,13,Metro,181667,4539845,Business,60,9.34,4,802,2.082,0
LN102300,52,Salaried,24,Metro,73688,3056635,Vehicle,48,7.2,4,827,3.457,0
LN102301,40,Business Owner,15,Tier-1,21903,4126859,Business,84,19.96,0,329,15.701,0
LN102302,48,Salaried,2,Tier-2,52794,580673,Medical,12,8.92,2,876,0.917,0
LN102303,33,Self-Employed,13,Metro,122147,3590579,Education,120,8.31,0,829,2.45,0
LN102304,58,Salaried,5,Tier-2,92467,1263047,Vehicle,48,20.76,0,491,1.138,0
LN102305,44,Self-Employed,17,Tier-2,59761,3169598,Vehicle,36,21.34,0,562,4.42,1
LN102306,46,Salaried,16,Rural,75372,3797373,Personal,12,17.15,2,384,4.198,1
LN102307,25,Self-Employed,1,Tier-1,152315,4686285,Personal,24,12.79,4,742,2.564,0
LN102308,25,Business Owner,21,Rural,97310,1123429,Vehicle,24,20.2,4,619,0.962,0
LN102309,63,Business Owner,27,Metro,179527,1802256,Home,12,17.31,0,606,0.837,0
LN102310,55,Self-Employed,4,Tier-1,72408,933888,Business,60,20.93,4,410,1.075,1
LN102311,59,Self-Employed,3,Tier-1,50901,4384303,Business,48,21.2,2,515,7.178,0
LN102312,41,Salaried,27,Tier-1,121525,4996587,Business,48,7.16,4,789,3.426,1
LN102313,44,Business Owner,6,Rural,95223,2495330,Business,12,21.98,3,503,2.184,0
LN102314,43,Salaried,17,Tier-1,163854,517697,Personal,84,18.64,1,429,0.263,1
LN102315,23,Salaried,0,Tier-1,76107,1095977,Personal,84,12.91,0,690,1.2,0
LN102316,63,Salaried,10,Tier-1,46502,3624067,Home,84,8.37,1,782,6.494,1
LN102317,43,Self-Employed,26,Metro,67831,1008153,Business,24,13.65,4,694,1.239,0
LN102318,58,Business Owner,23,Tier-1,91158,706962,Personal,60,16.84,4,648,0.646,1
LN102319,44,Salaried,16,Metro,39054,1780513,Education,12,17.62,3,345,3.799,1
LN102320,60,Salaried,3,Metro,172928,1375530,Medical,60,14.08,3,326,0.663,1
LN102321,34,Salaried,18,Rural,96402,2538270,Personal,60,17.77,3,316,2.194,1
LN102322,41,Business Owner,2,Metro,85662,2100895,Vehicle,48,9.97,0,835,2.044,0
LN102323,22,Unemployed,29,Tier-1,83215,2174268,Personal,12,16.21,4,517,2.177,1
LN102324,27,Self-Employed,24,Tier-2,36850,3848272,Home,60,20.3,0,578,8.703,1
LN102325,33,Salaried,4,Metro,123224,4238405,Medical,84,16.53,4,332,2.866,1
LN102326,37,Salaried,4,Rural,143031,4579842,Home,84,19.21,1,380,2.668,1
LN102327,51,Salaried,22,Tier-2,165162,620462,Personal,24,16.55,3,598,0.313,0
LN102328,25,Salaried,27,Metro,114226,4998663,Vehicle,84,15.66,4,608,3.647,0
LN102329,43,Salaried,22,Metro,198234,513980,Medical,36,12.08,1,676,0.216,1
LN102330,56,Self-Employed,14,Metro,70321,3862377,Business,120,7.2,2,817,4.577,1
LN102331,52,Business Owner,16,Tier-2,147761,4891091,Vehicle,60,8.98,4,825,2.758,1
LN102332,47,Business Owner,13,Tier-2,118090,3913047,Medical,60,21.92,1,307,2.761,1
LN102333,49,Self-Employed,17,Rural,154042,2180708,Vehicle,60,9.5,0,839,1.18,0
LN102334,33,Salaried,2,Rural,199696,3536271,Education,48,14.74,0,514,1.476,0
LN102335,58,Self-Employed,2,Tier-2,70363,1167708,Personal,12,8.86,1,776,1.383,0
LN102336,36,Salaried,20,Tier-1,94423,748095,Business,60,15.22,0,444,0.66,0
LN102337,47,Self-Employed,9,Rural,124469,3983654,Home,24,10.86,0,727,2.667,0
LN102338,38,Salaried,25,Tier-1,53823,851888,Personal,120,16.22,2,530,1.319,1
LN102339,21,Unemployed,9,Metro,52530,311686,Vehicle,24,21.36,1,342,0.494,0
LN102340,55,Business Owner,11,Metro,92147,3293148,Personal,120,8.27,1,816,2.978,0
LN102341,56,Business Owner,5,Tier-1,131764,3959210,Vehicle,36,9.45,0,824,2.504,0
LN102342,48,Unemployed,28,Rural,130573,238091,Personal,48,7.28,4,834,0.152,1
LN102343,56,Self-Employed,28,Tier-2,178162,4394226,Education,36,8.34,4,772,2.055,0
LN102344,29,Self-Employed,15,Metro,32733,4164701,Personal,120,9.65,2,761,10.603,0
LN102345,38,Self-Employed,5,Tier-1,118306,2375568,Home,120,17.7,1,341,1.673,1
LN102346,21,Salaried,29,Metro,189425,4213939,Personal,84,14.02,4,313,1.854,0
LN102347,36,Salaried,22,Metro,156673,4527252,Business,12,17.52,0,524,2.408,1
LN102348,56,Self-Employed,21,Tier-2,110215,4162840,Medical,36,17.35,2,471,3.148,1
LN102349,26,Salaried,1,Metro,130215,1943166,Business,120,8.21,0,767,1.244,0
LN102350,52,Salaried,8,Tier-1,188562,2634804,Medical,60,16.82,2,386,1.164,0
LN102351,40,Business Owner,25,Metro,91586,756672,Vehicle,48,7.53,1,862,0.688,0
LN102352,49,Salaried,17,Metro,140603,3621983,Education,24,19.32,3,587,2.147,1
LN102353,60,Self-Employed,15,Tier-2,149087,443159,Education,84,19.72,3,480,0.248,1
LN102354,45,Business Owner,19,Tier-2,19420,249588,Business,48,20.92,4,634,1.071,0
LN102355,61,Salaried,0,Metro,61285,3844941,Home,24,9.56,2,870,5.228,0
LN102356,41,Self-Employed,29,Tier-1,33017,740570,Medical,36,15.58,0,380,1.869,1
LN102357,51,Unemployed,5,Tier-2,24043,2403720,Vehicle,48,19.78,2,563,8.331,0
LN102358,32,Salaried,3,Rural,173094,4413921,Education,12,16.5,3,475,2.125,0
LN102359,32,Salaried,2,Metro,179226,1701018,Home,24,9.03,1,776,0.791,0
LN102360,53,Salaried,23,Tier-1,125442,2540359,Education,48,21.68,2,341,1.688,0
LN102361,62,Salaried,20,Tier-1,189096,4119060,Personal,48,14.89,2,537,1.815,1
LN102362,50,Business Owner,6,Tier-2,194721,1310160,Education,60,9.78,4,756,0.561,0
LN102363,26,Business Owner,10,Tier-1,170969,814225,Vehicle,120,8.16,1,824,0.397,0
LN102364,29,Unemployed,11,Tier-2,178236,463009,Home,12,10.26,1,668,0.216,0
LN102365,34,Salaried,14,Tier-2,104673,4207092,Vehicle,60,15.3,0,571,3.349,0
LN102366,35,Self-Employed,3,Tier-2,188834,1723108,Business,24,18.66,2,505,0.76,1
LN102367,36,Salaried,16,Tier-2,154619,2778499,Home,60,21.06,4,419,1.497,0
LN102368,37,Salaried,15,Metro,107204,4282399,Education,48,13.59,3,650,3.329,0
LN102369,33,Self-Employed,27,Tier-1,41321,743122,Business,60,18.4,4,462,1.499,1
LN102370,51,Salaried,19,Rural,138284,1027296,Personal,36,17.04,2,412,0.619,1
LN102371,53,Salaried,29,Tier-2,119208,567407,Personal,48,19.11,4,432,0.397,1
LN102372,24,Business Owner,1,Metro,147660,2012188,Vehicle,36,17.16,3,360,1.136,1
LN102373,41,Salaried,1,Metro,16465,2932830,Education,12,11.68,0,653,14.844,0
LN102374,44,Salaried,0,Tier-1,87589,4083900,Personal,24,18.27,4,648,3.885,0
LN102375,60,Unemployed,19,Tier-1,54579,442867,Medical,24,8.82,1,759,0.676,1
LN102376,21,Business Owner,29,Metro,46142,4511999,Business,36,20.4,0,613,8.149,1
LN102377,23,Self-Employed,20,Metro,101823,4707541,Medical,60,18.23,4,484,3.853,1
LN102378,30,Business Owner,15,Metro,84576,717575,Medical,36,16.61,1,320,0.707,1
LN102379,58,Self-Employed,21,Tier-2,91941,725296,Vehicle,36,11.99,1,712,0.657,0
LN102380,44,Salaried,13,Metro,145137,1693388,Medical,12,12.64,3,664,0.972,0
LN102381,43,Salaried,28,Rural,191532,639336,Personal,24,15.3,3,469,0.278,1
LN102382,49,Business Owner,22,Tier-1,53531,4841952,Vehicle,12,21.72,3,615,7.538,0
LN102383,24,Business Owner,24,Tier-1,169453,1955266,Education,48,16.03,1,596,0.962,1
LN102384,36,Self-Employed,5,Tier-1,143738,4577764,Vehicle,48,19.0,3,427,2.654,1
LN102385,29,Salaried,25,Metro,152711,4967294,Medical,36,18.84,2,564,2.711,0
LN102386,51,Salaried,10,Tier-2,46067,4289240,Home,12,15.51,4,562,7.759,1
LN102387,53,Salaried,11,Tier-2,58928,4544242,Personal,24,19.16,0,599,6.426,0
LN102388,64,Salaried,24,Metro,74003,2188122,Business,36,10.04,0,739,2.464,0
LN102389,38,Salaried,14,Tier-1,58249,3179259,Home,60,8.07,2,760,4.548,0
LN102390,51,Self-Employed,16,Tier-2,137366,4741258,Business,60,20.29,1,417,2.876,0
LN102391,56,Salaried,26,Tier-1,194979,3174243,Home,24,13.36,2,724,1.357,0
LN102392,29,Self-Employed,19,Tier-2,131972,540572,Home,12,9.49,4,863,0.341,0
LN102393,36,Salaried,28,Tier-2,175541,1688608,Vehicle,48,16.52,2,406,0.802,1
LN102394,28,Business Owner,24,Metro,150853,2137984,Personal,84,10.93,3,720,1.181,0
LN102395,48,Unemployed,0,Tier-1,82963,4489609,Home,36,9.67,1,771,4.51,1
LN102396,37,Business Owner,12,Tier-1,87741,1326202,Home,60,14.58,1,608,1.26,0
LN102397,34,Self-Employed,6,Tier-1,42583,507731,Business,12,21.56,0,435,0.994,1
LN102398,25,Unemployed,7,Tier-1,78349,4057825,Medical,60,11.31,3,744,4.316,0
LN102399,45,Salaried,26,Tier-1,91427,1308746,Medical,36,18.76,3,597,1.193,0
LN102400,22,Business Owner,21,Metro,131548,1673238,Vehicle,120,7.65,1,806,1.06,0
LN102401,42,Salaried,19,Tier-2,130714,498045,Home,60,16.79,2,546,0.318,0
LN102402,59,Salaried,20,Rural,52322,541805,Vehicle,84,20.88,0,457,0.863,1
LN102403,33,Salaried,2,Rural,142862,1120465,Medical,60,13.22,1,673,0.654,0
LN102404,35,Salaried,15,Metro,132478,883834,Business,84,11.95,0,664,0.556,0
LN102405,32,Unemployed,25,Tier-1,127629,2076086,Business,60,8.47,2,869,1.356,0
LN102406,33,Salaried,8,Tier-2,107558,3067890,Education,120,17.99,0,647,2.377,0
LN102407,35,Unemployed,11,Tier-1,187649,680944,Personal,12,8.43,3,849,0.302,0
LN102408,39,Salaried,3,Metro,15063,4196329,Vehicle,84,17.37,4,458,23.215,1
LN102409,52,Unemployed,27,Metro,98825,4036308,Personal,48,10.69,0,679,3.404,1
LN102410,64,Salaried,22,Metro,139696,2025979,Business,24,16.28,4,447,1.209,1
LN102411,27,Salaried,21,Tier-2,125849,1547064,Personal,84,12.81,2,732,1.024,0
LN102412,36,Salaried,11,Tier-1,85220,4462749,Medical,12,17.25,1,420,4.364,0
LN102413,32,Salaried,7,Tier-1,73592,2934180,Personal,24,7.02,0,893,3.323,0
LN102414,48,Salaried,0,Tier-2,129848,4580401,Education,24,20.66,3,367,2.94,1
LN102415,53,Self-Employed,19,Metro,105696,300458,Personal,84,15.67,1,464,0.237,1
LN102416,25,Salaried,26,Tier-1,43591,863730,Education,36,7.65,2,882,1.651,1
LN102417,35,Salaried,6,Tier-1,192123,2767768,Personal,120,17.07,2,415,1.201,1
LN102418,29,Salaried,20,Tier-1,26063,4837505,Business,36,16.76,3,500,15.467,0
LN102419,23,Unemployed,2,Tier-1,112694,3804098,Home,60,19.98,3,343,2.813,1
LN102420,64,Self-Employed,17,Metro,104497,1474989,Business,60,13.03,3,723,1.176,0
LN102421,59,Salaried,8,Metro,94949,2412256,Education,120,8.89,4,791,2.117,0
LN102422,27,Salaried,12,Tier-1,43592,4345713,Education,84,7.47,2,805,8.308,0
LN102423,27,Self-Employed,19,Metro,124861,423404,Personal,60,17.56,3,554,0.283,0
LN102424,51,Business Owner,5,Metro,15236,1873462,Medical,36,21.98,2,341,10.247,1
LN102425,42,Salaried,26,Metro,167391,1361419,Education,24,11.27,3,673,0.678,0
LN102426,57,Salaried,20,Metro,121151,605367,Education,24,10.73,1,690,0.416,0
LN102427,29,Salaried,21,Rural,191130,4725766,Business,36,20.62,0,464,2.06,0
LN102428,34,Business Owner,0,Tier-1,16164,2179907,Business,120,7.08,2,763,11.238,0
LN102429,31,Salaried,21,Tier-2,146412,1939365,Business,120,12.49,2,709,1.104,1
LN102430,35,Self-Employed,18,Metro,132736,1016171,Business,60,16.5,2,565,0.638,0
LN102431,29,Self-Employed,22,Tier-1,84650,1070935,Personal,120,17.9,3,511,1.054,1
LN102432,41,Salaried,9,Metro,99741,4812138,Business,36,13.56,4,691,4.021,0
LN102433,21,Salaried,9,Tier-2,85566,218400,Personal,48,21.93,2,343,0.213,0
LN102434,24,Salaried,6,Tier-1,80793,3039639,Vehicle,60,21.35,2,510,3.135,0
LN102435,41,Self-Employed,20,Tier-1,171591,3272574,Medical,36,9.09,0,754,1.589,0
LN102436,48,Self-Employed,7,Tier-1,181887,625835,Business,120,14.7,1,576,0.287,1
LN102437,63,Business Owner,15,Metro,198139,4348131,Home,12,19.2,2,588,1.829,0
LN102438,25,Unemployed,23,Rural,135772,4388344,Business,36,13.15,4,739,2.693,1
LN102439,29,Salaried,29,Metro,26578,1781025,Personal,60,15.82,4,438,5.584,1
LN102440,28,Salaried,11,Tier-1,27333,1082533,Vehicle,12,16.62,0,413,3.3,0
LN102441,60,Business Owner,28,Metro,38252,553600,Vehicle,12,15.57,3,462,1.206,1
LN102442,50,Unemployed,23,Tier-1,193587,3065857,Home,48,19.81,0,361,1.32,1
LN102443,22,Self-Employed,18,Tier-1,46534,2421336,Medical,24,17.94,3,458,4.336,0
LN102444,37,Salaried,29,Tier-1,176286,3636616,Business,48,8.51,1,811,1.719,0
LN102445,26,Salaried,13,Rural,183976,4973188,Vehicle,24,17.5,2,646,2.253,0
LN102446,48,Self-Employed,8,Rural,66699,2827886,Vehicle,36,9.86,0,849,3.533,0
LN102447,24,Unemployed,23,Tier-1,155972,1750742,Personal,24,11.95,3,732,0.935,0
LN102448,36,Self-Employed,22,Tier-2,78224,3641588,Home,60,11.14,2,709,3.879,0
LN102449,44,Salaried,17,Metro,126758,2374635,Business,120,17.94,1,383,1.561,1
LN102450,64,Salaried,26,Tier-2,36769,1291502,Home,48,21.93,3,451,2.927,0
LN102451,43,Salaried,10,Tier-2,36747,2899351,Vehicle,84,21.19,2,479,6.575,0
LN102452,54,Salaried,27,Rural,145062,672509,Personal,60,8.62,4,750,0.386,0
LN102453,29,Salaried,9,Metro,166072,2113587,Personal,24,21.36,0,337,1.061,0
LN102454,37,Salaried,4,Rural,197862,3514643,Education,120,11.66,4,719,1.48,0
LN102455,31,Unemployed,9,Tier-1,120620,4177990,Home,24,14.94,3,367,2.886,0
LN102456,25,Salaried,11,Metro,162720,1437417,Business,84,15.57,2,598,0.736,1
LN102457,49,Unemployed,22,Metro,118249,2437767,Medical,36,10.97,3,701,1.718,1
LN102458,59,Salaried,14,Tier-1,34928,2724615,Vehicle,84,19.27,1,539,6.501,0
LN102459,35,Salaried,4,Metro,142838,4278062,Education,36,18.21,3,625,2.496,0
LN102460,43,Business Owner,15,Tier-1,196240,2892165,Personal,120,14.9,2,519,1.228,0
LN102461,29,Self-Employed,27,Metro,98062,727404,Home,24,8.86,3,753,0.618,1
LN102462,26,Business Owner,15,Rural,66690,1912637,Business,24,19.65,0,558,2.39,0
LN102463,41,Salaried,22,Tier-2,132910,672678,Medical,36,8.16,1,896,0.422,0
LN102464,47,Self-Employed,18,Rural,41963,1307191,Vehicle,60,7.14,3,880,2.596,0
LN102465,21,Self-Employed,3,Metro,165101,668416,Personal,12,13.74,2,666,0.337,0
LN102466,63,Self-Employed,8,Tier-2,167324,3524346,Education,120,17.28,0,425,1.755,0
LN102467,56,Business Owner,16,Tier-1,90041,862615,Education,120,11.06,0,667,0.798,1
LN102468,41,Self-Employed,17,Tier-1,148657,3878131,Vehicle,60,14.48,4,616,2.174,0
LN102469,47,Self-Employed,0,Metro,60876,381031,Business,120,20.98,0,328,0.522,1
LN102470,21,Salaried,3,Metro,181420,2917872,Medical,120,17.06,3,356,1.34,1
LN102471,51,Salaried,29,Metro,54520,2637134,Personal,48,12.26,2,689,4.031,0
LN102472,32,Business Owner,9,Metro,79445,1405894,Education,60,8.48,0,773,1.475,0
LN102473,52,Salaried,12,Tier-2,173699,1737531,Medical,24,7.56,4,803,0.834,0
LN102474,63,Salaried,23,Tier-1,36608,4191693,Home,84,12.81,1,726,9.542,0
LN102475,40,Salaried,17,Rural,19988,4036316,Medical,36,16.48,3,438,16.828,0
LN102476,60,Salaried,24,Tier-2,86945,2431644,Medical,24,12.48,3,728,2.331,0
LN102477,46,Business Owner,24,Tier-1,152660,554115,Medical,36,17.84,4,549,0.302,0
LN102478,53,Business Owner,28,Metro,124582,3291304,Vehicle,60,16.56,1,580,2.202,0
LN102479,46,Salaried,2,Rural,27043,3761111,Medical,120,14.62,1,576,11.59,0
LN102480,38,Salaried,20,Metro,109219,3002998,Business,12,15.94,2,389,2.291,1
LN102481,26,Business Owner,17,Tier-2,48930,3008892,Personal,48,9.08,1,849,5.124,0
LN102482,30,Unemployed,17,Tier-2,146789,3490741,Medical,36,13.08,1,718,1.982,1
LN102483,24,Salaried,5,Tier-2,72787,3247879,Education,84,13.68,2,712,3.718,0
LN102484,25,Salaried,26,Metro,142404,4253024,Medical,84,15.28,3,472,2.489,0
LN102485,27,Salaried,19,Tier-2,92866,3620996,Home,120,18.09,1,633,3.249,0
LN102486,39,Salaried,24,Metro,102794,3918166,Business,60,8.46,0,825,3.176,1
LN102487,64,Salaried,15,Tier-2,176488,2004899,Vehicle,36,7.3,2,887,0.947,0
LN102488,22,Salaried,10,Metro,164520,4441157,Education,12,8.65,4,828,2.25,0
LN102489,21,Business Owner,23,Tier-1,178909,280399,Personal,12,16.23,1,422,0.131,0
LN102490,59,Salaried,10,Metro,56577,2139461,Medical,12,9.85,3,833,3.151,1
LN102491,48,Salaried,28,Rural,193861,1909260,Home,24,19.58,3,466,0.821,0
LN102492,53,Self-Employed,10,Metro,160617,1913508,Home,84,17.56,4,648,0.993,0
LN102493,41,Self-Employed,15,Tier-2,39745,172378,Business,60,19.16,3,414,0.361,1
LN102494,36,Salaried,3,Tier-1,15565,4368874,Personal,12,10.09,0,675,23.39,0
LN102495,60,Unemployed,26,Rural,65757,1423128,Education,84,11.99,4,684,1.804,1
LN102496,28,Salaried,15,Metro,153688,2007380,Business,48,21.6,1,325,1.088,1
LN102497,38,Business Owner,13,Tier-1,66114,3521849,Home,36,17.7,3,321,4.439,0
LN102498,56,Business Owner,6,Metro,83600,1250336,Vehicle,12,8.46,4,869,1.246,0
LN102499,31,Salaried,29,Tier-1,128474,1794525,Education,60,9.28,1,752,1.164,0
LN102500,38,Salaried,24,Tier-2,55219,3285615,Personal,84,9.29,0,853,4.958,0
LN102501,38,Salaried,7,Tier-1,170153,2350054,Medical,24,7.36,4,843,1.151,0
LN102502,32,Salaried,20,Metro,177552,4617234,Personal,24,10.17,2,653,2.167,0
LN102503,61,Business Owner,6,Metro,173007,1052748,Medical,36,19.89,1,527,0.507,0
LN102504,55,Unemployed,15,Tier-2,196012,3430068,Education,36,16.82,4,496,1.458,1
LN102505,59,Salaried,27,Metro,23131,3481477,Business,48,12.51,3,674,12.543,1
LN102506,34,Self-Employed,11,Metro,197957,1042286,Education,60,7.86,4,790,0.439,1
LN102507,54,Self-Employed,19,Metro,95031,2558971,Vehicle,12,17.13,0,416,2.244,0
LN102508,21,Salaried,0,Tier-2,18920,4883249,Medical,84,14.52,4,382,21.508,0
LN102509,31,Business Owner,14,Metro,23412,3360378,Personal,120,10.38,0,717,11.961,0
LN102510,41,Salaried,13,Rural,65849,258882,Personal,12,10.32,1,701,0.328,0
LN102511,40,Self-Employed,1,Tier-2,104573,1251786,Education,36,16.97,0,508,0.998,1
LN102512,43,Self-Employed,17,Metro,175364,4238534,Education,60,18.22,2,571,2.014,0
LN102513,33,Salaried,3,Tier-2,41870,4499295,Vehicle,60,14.25,2,356,8.955,1
LN102514,49,Salaried,29,Tier-2,170314,664919,Personal,84,20.59,1,450,0.325,1
LN102515,42,Self-Employed,21,Tier-1,96236,3564962,Business,60,9.99,1,816,3.087,0
LN102516,53,Salaried,1,Metro,63981,3606315,Home,48,14.32,1,483,4.697,1
LN102517,21,Salaried,11,Tier-1,134297,3828238,Business,60,8.98,4,889,2.375,0
LN102518,27,Salaried,20,Tier-2,73491,3918529,Education,24,16.46,3,529,4.443,1
LN102519,42,Self-Employed,3,Metro,32206,3394291,Education,24,17.54,1,372,8.783,0
LN102520,39,Salaried,11,Tier-1,154283,2901333,Personal,24,7.2,0,881,1.567,0
LN102521,42,Salaried,21,Metro,72328,3285410,Vehicle,36,19.32,3,480,3.785,0
LN102522,31,Salaried,12,Tier-1,83736,1082344,Home,24,19.41,4,435,1.077,1
LN102523,29,Self-Employed,12,Tier-1,180229,517507,Vehicle,48,12.66,4,687,0.239,0
LN102524,29,Self-Employed,1,Rural,22744,4111350,Education,60,19.26,3,441,15.064,1
LN102525,37,Salaried,17,Tier-2,160960,4299341,Personal,48,9.57,2,780,2.226,0
LN102526,30,Self-Employed,1,Tier-1,72367,1621240,Personal,120,20.64,3,351,1.867,0
LN102527,39,Salaried,28,Tier-2,171810,1826838,Vehicle,84,8.67,1,783,0.886,0
LN102528,36,Salaried,18,Metro,166182,3242489,Personal,12,17.29,4,323,1.626,1
LN102529,39,Salaried,28,Tier-2,140919,1129060,Home,84,20.06,2,346,0.668,0
LN102530,56,Self-Employed,17,Metro,103388,1535342,Medical,12,7.06,2,892,1.238,0
LN102531,52,Self-Employed,21,Rural,199062,1561119,Vehicle,12,7.28,3,779,0.654,0
LN102532,45,Business Owner,9,Tier-1,182806,3070444,Vehicle,48,16.95,2,595,1.4,0
LN102533,24,Salaried,27,Rural,43739,599918,Personal,84,16.39,3,495,1.143,0
LN102534,26,Salaried,22,Metro,157628,266417,Vehicle,36,17.78,4,519,0.141,0
LN102535,63,Self-Employed,29,Tier-1,58889,4820647,Education,60,10.69,4,720,6.822,1
LN102536,31,Salaried,8,Tier-1,114492,1797608,Home,120,7.25,4,880,1.308,1
LN102537,42,Unemployed,24,Tier-2,144811,2032352,Medical,24,19.61,1,524,1.17,1
LN102538,25,Salaried,23,Rural,28597,3395543,Business,120,21.79,4,302,9.895,1
LN102539,30,Salaried,26,Rural,26929,4836747,Personal,36,8.63,4,856,14.968,1
LN102540,31,Salaried,19,Tier-2,88785,82494,Medical,48,13.65,4,691,0.077,0
LN102541,56,Business Owner,2,Tier-2,71035,1021383,Business,84,14.45,0,476,1.198,0
LN102542,41,Business Owner,11,Metro,172700,1545175,Education,24,8.87,1,796,0.746,0
LN102543,40,Salaried,1,Metro,31276,3938474,Business,48,11.23,1,746,10.494,1
LN102544,39,Salaried,20,Metro,47678,608111,Vehicle,48,15.66,0,406,1.063,1
LN102545,30,Salaried,6,Metro,23376,661891,Business,12,14.42,4,559,2.36,1
LN102546,26,Salaried,1,Metro,180642,4201741,Medical,36,13.05,3,694,1.938,0
LN102547,46,Salaried,21,Rural,194575,1006977,Home,36,19.21,2,452,0.431,1
LN102548,50,Salaried,1,Tier-1,135085,2695185,Business,60,12.61,4,743,1.663,0
LN102549,61,Self-Employed,11,Metro,84238,4468702,Personal,48,7.64,4,787,4.421,1
LN102550,64,Salaried,21,Tier-1,55835,2751451,Home,48,17.11,1,390,4.107,1
LN102551,35,Salaried,18,Tier-1,15751,1059970,Home,36,7.9,1,881,5.608,0
LN102552,33,Salaried,0,Tier-1,53637,4098760,Business,84,20.66,4,487,6.368,1
LN102553,63,Business Owner,17,Metro,28673,411753,Personal,12,17.67,1,391,1.197,1
LN102554,45,Salaried,0,Rural,113648,3449687,Education,12,14.41,0,592,2.53,0
LN102555,27,Salaried,7,Tier-1,124053,304533,Personal,60,17.5,4,545,0.205,0
LN102556,26,Self-Employed,18,Metro,52465,134696,Personal,12,7.09,2,820,0.214,0
LN102557,57,Business Owner,10,Tier-2,91079,2012687,Home,12,10.77,4,712,1.842,1
LN102558,55,Salaried,11,Tier-2,197810,669816,Medical,60,18.77,4,444,0.282,0
LN102559,53,Unemployed,15,Rural,184652,3422674,Medical,84,12.74,0,696,1.545,0
LN102560,59,Salaried,24,Tier-1,107508,4746409,Education,24,7.31,4,887,3.679,1
LN102561,25,Salaried,18,Metro,97219,4983066,Education,36,8.55,0,829,4.271,1
LN102562,64,Salaried,7,Metro,159449,1283338,Business,12,13.65,2,665,0.671,0
LN102563,58,Self-Employed,7,Tier-2,26057,1077046,Education,120,18.05,0,599,3.445,1
LN102564,44,Salaried,21,Tier-2,94317,852729,Home,84,21.84,0,646,0.753,0
LN102565,40,Salaried,5,Metro,35008,3577489,Vehicle,24,18.1,2,372,8.516,0
LN102566,37,Self-Employed,0,Tier-1,185930,1730242,Home,48,9.35,4,897,0.775,1
LN102567,63,Salaried,9,Metro,185099,376459,Personal,24,8.54,1,761,0.169,0
LN102568,47,Self-Employed,12,Tier-1,164838,81330,Home,120,11.59,3,732,0.041,0
LN102569,21,Salaried,28,Tier-2,81752,1958834,Medical,120,19.16,4,646,1.997,0
LN102570,25,Salaried,21,Metro,111819,2902012,Medical,120,19.28,3,582,2.163,1
LN102571,42,Salaried,12,Rural,82313,673404,Home,36,8.45,1,882,0.682,0
LN102572,64,Salaried,29,Tier-1,131260,3555235,Medical,48,14.74,2,435,2.257,1
LN102573,33,Unemployed,1,Metro,122885,4855430,Home,36,18.85,2,467,3.293,1
LN102574,32,Salaried,11,Tier-1,67982,3278043,Vehicle,12,12.52,0,701,4.018,1
LN102575,38,Salaried,12,Tier-2,124490,4705391,Education,36,9.62,1,770,3.15,1
LN102576,30,Salaried,1,Tier-2,196886,3570857,Education,12,9.08,3,812,1.511,0
LN102577,46,Unemployed,13,Metro,114577,1281705,Vehicle,120,18.47,2,339,0.932,0
LN102578,41,Salaried,14,Tier-1,51412,1357637,Business,120,18.52,2,452,2.201,1
LN102579,23,Self-Employed,13,Tier-2,83412,791352,Home,60,19.9,2,589,0.791,0
LN102580,51,Self-Employed,13,Metro,126957,2675471,Education,12,16.38,2,342,1.756,1
LN102581,35,Salaried,17,Metro,149059,4781535,Medical,84,16.97,2,424,2.673,0
LN102582,55,Business Owner,18,Tier-2,196438,2751001,Personal,48,7.98,2,759,1.167,0
LN102583,50,Salaried,14,Tier-2,15654,2624228,Vehicle,36,15.49,3,417,13.97,0
LN102584,37,Self-Employed,23,Tier-1,190133,3418725,Education,84,20.74,3,384,1.498,0
LN102585,40,Salaried,9,Metro,29542,452676,Personal,60,9.75,0,807,1.277,0
LN102586,54,Salaried,26,Metro,61933,4354403,Personal,84,14.82,2,581,5.859,0
LN102587,36,Salaried,6,Tier-2,152576,2180262,Personal,60,15.81,3,538,1.191,0
LN102588,23,Salaried,19,Tier-2,151617,2589382,Business,12,8.38,3,855,1.423,0
LN102589,22,Self-Employed,12,Rural,169466,2868724,Business,12,8.68,2,801,1.411,0
LN102590,25,Business Owner,12,Tier-2,48843,3646225,Vehicle,48,17.97,2,556,6.221,1
LN102591,56,Unemployed,15,Tier-1,157690,1498081,Medical,84,14.71,4,623,0.792,1
LN102592,40,Salaried,24,Metro,91742,4531314,Education,48,15.94,1,496,4.116,0
LN102593,29,Business Owner,5,Tier-2,172992,306968,Vehicle,24,8.84,0,881,0.148,0
LN102594,62,Self-Employed,10,Metro,127240,4895332,Business,24,17.17,4,305,3.206,1
LN102595,44,Salaried,19,Tier-2,50006,4531400,Personal,24,18.9,4,432,7.551,1
LN102596,50,Salaried,22,Tier-1,42811,1615838,Education,36,20.81,3,474,3.145,1
LN102597,54,Business Owner,23,Tier-2,102507,1563547,Vehicle,120,18.77,3,351,1.271,0
LN102598,55,Salaried,17,Rural,31289,1600502,Business,120,14.15,0,601,4.263,0
LN102599,45,Salaried,10,Tier-1,148218,3034657,Personal,24,13.43,3,697,1.706,0
LN102600,35,Salaried,18,Metro,130217,638167,Education,84,20.11,0,514,0.408,0
LN102601,63,Salaried,23,Tier-2,29980,1538817,Medical,36,16.39,2,533,4.277,1
LN102602,55,Self-Employed,3,Metro,158450,4989301,Personal,24,17.92,1,453,2.624,1
LN102603,23,Salaried,25,Metro,31430,1504737,Education,12,9.7,0,785,3.99,0
LN102604,31,Salaried,21,Rural,118471,2367230,Home,12,14.22,1,432,1.665,0
LN102605,26,Business Owner,10,Tier-2,24826,2987763,Business,36,14.12,1,508,10.029,0
LN102606,25,Self-Employed,8,Metro,19892,542359,Medical,84,21.49,3,338,2.272,1
LN102607,24,Salaried,7,Metro,199830,2752219,Medical,24,16.72,4,639,1.148,0
LN102608,26,Salaried,4,Rural,80850,3369904,Personal,84,21.27,0,607,3.473,1
LN102609,35,Salaried,2,Tier-2,126682,3639293,Vehicle,60,19.32,4,362,2.394,0
LN102610,46,Self-Employed,12,Metro,189459,434113,Business,60,19.49,0,530,0.191,0
LN102611,57,Self-Employed,17,Tier-1,195238,3610175,Business,48,19.84,0,628,1.541,0
LN102612,58,Business Owner,9,Tier-1,62037,961228,Vehicle,60,20.59,4,510,1.291,0
LN102613,38,Salaried,5,Tier-1,194723,4375326,Medical,60,14.86,2,342,1.872,0
LN102614,50,Salaried,1,Metro,169346,1278674,Business,120,8.84,3,833,0.629,0
LN102615,49,Business Owner,19,Rural,199485,2876552,Home,120,18.69,4,627,1.202,0
LN102616,40,Salaried,6,Metro,153698,1262514,Medical,84,8.17,1,806,0.685,0
LN102617,41,Self-Employed,28,Metro,110000,4624479,Personal,12,16.94,2,364,3.503,1
LN102618,48,Salaried,0,Rural,140837,1389345,Medical,12,15.16,1,565,0.822,0
LN102619,46,Salaried,2,Tier-2,151649,2901858,Personal,12,7.48,0,870,1.595,0
LN102620,41,Salaried,7,Tier-1,39573,1082829,Medical,120,11.34,2,677,2.28,0
LN102621,27,Salaried,15,Tier-1,89403,2774662,Home,36,16.51,0,301,2.586,0
LN102622,46,Business Owner,13,Tier-2,110232,2996771,Vehicle,120,15.52,1,387,2.266,1
LN102623,47,Salaried,0,Metro,198226,2017569,Vehicle,60,18.8,2,515,0.848,0
LN102624,24,Salaried,2,Metro,124535,1231543,Business,60,18.26,0,330,0.824,1
LN102625,41,Salaried,13,Tier-2,137957,3538760,Medical,48,18.08,0,535,2.138,0
LN102626,29,Salaried,24,Tier-1,83500,579540,Business,24,21.72,2,560,0.578,0
LN102627,37,Salaried,2,Tier-1,143301,2734989,Business,48,7.21,0,842,1.59,0
LN102628,41,Unemployed,11,Tier-1,98749,1766107,Medical,24,14.13,3,572,1.49,0
LN102629,29,Salaried,4,Rural,39215,4512127,Education,60,17.96,1,511,9.588,0
LN102630,54,Unemployed,6,Metro,150114,1985219,Education,60,14.32,3,366,1.102,0
LN102631,55,Self-Employed,9,Tier-1,159525,817119,Business,84,21.08,3,534,0.427,0
LN102632,30,Salaried,17,Tier-1,195956,3395928,Education,120,8.05,0,797,1.444,0
LN102633,58,Business Owner,26,Tier-2,70930,4366238,Home,24,8.9,1,784,5.13,0
LN102634,42,Self-Employed,24,Tier-1,49588,2664914,Home,84,12.37,2,697,4.478,0
LN102635,60,Salaried,1,Tier-1,113724,1393993,Home,48,9.08,0,818,1.021,0
LN102636,29,Self-Employed,20,Metro,166922,266914,Vehicle,12,15.56,2,339,0.133,0
LN102637,31,Salaried,15,Tier-1,152219,4327739,Vehicle,84,14.73,2,352,2.369,1
LN102638,38,Salaried,24,Metro,18724,2146269,Business,84,7.53,0,785,9.552,1
LN102639,26,Salaried,9,Tier-2,141091,4408075,Home,24,20.5,3,348,2.604,1
LN102640,27,Salaried,0,Rural,96979,932589,Business,60,12.53,3,677,0.801,1
LN102641,31,Salaried,18,Metro,78611,1087964,Education,12,14.03,3,421,1.153,1
LN102642,40,Business Owner,22,Tier-1,173506,2484092,Education,84,10.09,2,684,1.193,0
LN102643,49,Business Owner,24,Tier-2,96856,1162912,Personal,24,13.38,0,655,1.001,0
LN102644,26,Salaried,18,Tier-1,31373,2860843,Medical,60,7.23,4,889,7.599,0
LN102645,48,Salaried,28,Tier-1,33989,1571127,Business,120,20.39,3,641,3.852,0
LN102646,42,Self-Employed,7,Metro,177188,4321407,Business,120,20.68,3,556,2.032,0
LN102647,43,Business Owner,4,Rural,37833,1358250,Business,48,14.26,1,316,2.992,0
LN102648,47,Business Owner,4,Metro,50664,1032956,Education,84,16.18,2,529,1.699,0
LN102649,50,Self-Employed,28,Tier-1,84204,4872278,Personal,24,21.36,1,510,4.822,0
LN102650,28,Salaried,5,Tier-1,174184,2520122,Vehicle,60,15.24,3,344,1.206,1
LN102651,30,Salaried,2,Tier-2,92358,2383612,Personal,12,16.83,0,419,2.151,0
LN102652,56,Salaried,6,Metro,81395,1928731,Vehicle,36,15.13,3,354,1.975,1
LN102653,47,Salaried,5,Tier-2,185095,4294771,Personal,36,20.89,0,627,1.934,1
LN102654,59,Self-Employed,23,Tier-2,196059,2404281,Personal,84,9.88,2,866,1.022,0
LN102655,62,Salaried,5,Metro,132190,4319582,Personal,60,18.65,2,380,2.723,1
LN102656,28,Business Owner,16,Rural,33069,2343803,Vehicle,120,9.46,3,751,5.906,0
LN102657,26,Self-Employed,20,Tier-2,143030,4874341,Home,120,11.9,2,723,2.84,0
LN102658,29,Self-Employed,22,Tier-2,88441,4235678,Business,24,8.89,1,848,3.991,0
LN102659,54,Salaried,0,Tier-1,197569,3238329,Home,120,11.25,1,662,1.366,1
LN102660,41,Unemployed,29,Tier-1,127253,4459725,Education,24,18.24,4,383,2.921,1
LN102661,63,Business Owner,13,Tier-1,104425,3469996,Personal,24,20.49,1,631,2.769,0
LN102662,58,Salaried,25,Tier-2,196662,526957,Vehicle,84,14.69,4,325,0.223,0
LN102663,60,Salaried,0,Tier-2,50115,4167222,Education,60,20.76,4,382,6.929,1
LN102664,26,Self-Employed,22,Metro,93736,1886542,Personal,84,13.88,2,675,1.677,1
LN102665,59,Business Owner,19,Tier-2,182153,1600975,Medical,24,19.47,1,645,0.732,0
LN102666,40,Salaried,22,Tier-1,121239,2706843,Education,84,15.78,1,564,1.861,0
LN102667,45,Salaried,13,Rural,104321,3956584,Vehicle,24,21.36,1,459,3.161,0
LN102668,33,Business Owner,10,Tier-1,21714,1770386,Medical,12,15.04,4,520,6.794,1
LN102669,52,Business Owner,7,Rural,79389,1546476,Home,24,7.61,1,826,1.623,1
LN102670,59,Self-Employed,14,Metro,71142,4906581,Education,84,19.18,1,385,5.747,0
LN102671,26,Salaried,15,Rural,79357,2227632,Vehicle,84,15.0,4,421,2.339,1
LN102672,40,Salaried,11,Rural,197329,1479093,Vehicle,36,18.6,1,567,0.625,0
LN102673,51,Salaried,2,Tier-2,39613,2925274,Vehicle,12,8.45,2,787,6.154,0
LN102674,24,Salaried,3,Tier-2,58781,435815,Home,24,21.06,3,404,0.618,1
LN102675,47,Salaried,29,Tier-2,54926,2899092,Business,24,17.43,3,420,4.398,0
LN102676,49,Business Owner,17,Tier-2,175733,4579570,Medical,24,18.59,0,470,2.172,1
LN102677,60,Self-Employed,12,Tier-1,148858,186341,Home,60,15.17,0,318,0.104,1
LN102678,46,Business Owner,1,Tier-1,190709,934270,Business,84,16.37,2,412,0.408,0
LN102679,46,Salaried,8,Tier-1,182011,4054638,Home,36,13.12,4,654,1.856,0
LN102680,39,Business Owner,15,Tier-2,146909,4233033,Medical,48,15.81,1,570,2.401,1
LN102681,64,Self-Employed,3,Rural,33302,4419265,Vehicle,120,13.38,2,713,11.059,0
LN102682,45,Business Owner,9,Tier-1,147604,1087721,Business,12,15.01,3,391,0.614,0
LN102683,53,Salaried,29,Rural,93202,3869183,Vehicle,12,20.71,2,452,3.459,1
LN102684,28,Self-Employed,9,Tier-1,67723,760546,Home,84,15.91,1,379,0.936,1
LN102685,49,Salaried,5,Metro,66956,3004154,Home,12,18.07,3,479,3.739,1
LN102686,48,Salaried,0,Metro,47691,3816959,Medical,120,14.1,4,589,6.67,1
LN102687,48,Self-Employed,13,Metro,127556,2781044,Home,24,14.09,3,461,1.817,0
LN102688,21,Business Owner,5,Tier-2,185246,3014872,Personal,24,8.73,4,877,1.356,1
LN102689,53,Salaried,14,Tier-1,179128,4428537,Medical,120,9.25,0,854,2.06,1
LN102690,36,Self-Employed,19,Metro,21849,3321517,Medical,24,9.89,3,815,12.668,0
LN102691,33,Salaried,16,Metro,16869,1221880,Vehicle,24,21.39,3,393,6.036,1
LN102692,56,Self-Employed,0,Metro,154663,1499091,Home,48,17.46,4,378,0.808,1
LN102693,43,Self-Employed,19,Tier-2,155022,294074,Vehicle,84,8.59,2,815,0.158,1
LN102694,51,Business Owner,28,Metro,75341,3974239,Education,24,8.2,1,797,4.396,0
LN102695,64,Salaried,28,Tier-1,119374,2190053,Vehicle,48,8.52,3,758,1.529,1
LN102696,37,Salaried,13,Metro,30483,2628461,Home,24,18.59,2,648,7.186,1
LN102697,48,Salaried,26,Metro,15440,1193912,Personal,60,7.97,3,837,6.444,0
LN102698,25,Salaried,0,Metro,198487,3994076,Personal,60,10.77,1,725,1.677,0
LN102699,30,Salaried,2,Tier-1,197670,2841188,Personal,120,17.5,2,470,1.198,1
LN102700,62,Salaried,14,Metro,141363,438002,Business,12,9.76,3,877,0.258,0
LN102701,27,Self-Employed,10,Tier-1,162907,249751,Home,84,20.05,4,572,0.128,0
LN102702,53,Salaried,4,Tier-2,196152,3688178,Business,12,10.72,3,706,1.567,0
LN102703,22,Salaried,3,Tier-2,68765,4456468,Education,36,17.21,2,476,5.401,1
LN102704,62,Business Owner,17,Rural,187735,1744101,Medical,60,12.49,3,687,0.774,0
LN102705,40,Salaried,12,Metro,191713,604455,Home,120,18.39,0,598,0.263,0
LN102706,52,Salaried,23,Tier-1,58317,3119825,Education,36,20.63,4,626,4.458,1
LN102707,47,Salaried,13,Metro,196249,1454334,Medical,48,21.5,4,365,0.618,1
LN102708,57,Salaried,29,Tier-1,73428,2569732,Vehicle,36,7.58,0,757,2.916,0
LN102709,53,Salaried,3,Tier-1,75031,3080763,Education,48,18.97,4,352,3.422,1
LN102710,49,Unemployed,29,Metro,77137,4187614,Education,48,21.03,0,616,4.524,1
LN102711,50,Salaried,3,Metro,34734,1449342,Business,36,15.13,0,486,3.477,1
LN102712,21,Salaried,12,Tier-2,176509,1961568,Vehicle,36,19.51,2,558,0.926,0
LN102713,45,Self-Employed,4,Tier-1,148770,4915274,Education,84,15.86,4,572,2.753,0
LN102714,38,Salaried,15,Metro,193446,4427860,Home,36,11.66,0,708,1.907,1
LN102715,58,Self-Employed,22,Tier-1,103327,3956158,Education,48,11.92,0,678,3.191,0
LN102716,61,Business Owner,7,Rural,126091,4076891,Personal,24,11.83,2,701,2.694,0
LN102717,49,Self-Employed,28,Metro,72998,1384245,Medical,36,7.94,3,867,1.58,0
LN102718,35,Salaried,9,Metro,120375,4919480,Personal,84,21.82,1,617,3.406,0
LN102719,35,Self-Employed,28,Metro,118136,4135613,Education,36,20.18,4,470,2.917,1
LN102720,48,Salaried,2,Rural,58596,1893589,Vehicle,60,13.76,3,706,2.693,1
LN102721,45,Salaried,7,Tier-1,135260,4878195,Home,84,18.55,3,451,3.005,1
LN102722,24,Salaried,6,Metro,50401,1245609,Education,60,15.13,3,550,2.059,1
LN102723,57,Business Owner,3,Metro,105942,4106517,Vehicle,60,8.96,2,802,3.23,0
LN102724,41,Self-Employed,21,Tier-2,187087,4306579,Education,12,8.8,3,857,1.918,0
LN102725,41,Salaried,1,Rural,64220,3661595,Education,36,21.05,0,602,4.751,0
LN102726,59,Self-Employed,27,Rural,44390,440737,Business,84,20.79,2,529,0.827,0
LN102727,36,Unemployed,12,Tier-2,176765,4600837,Personal,36,17.33,2,385,2.169,1
LN102728,63,Salaried,10,Tier-1,78188,1942476,Personal,12,21.09,0,331,2.07,0
LN102729,21,Salaried,23,Metro,190691,1374090,Education,60,11.41,0,685,0.6,0
LN102730,21,Business Owner,1,Tier-1,121057,1230792,Education,120,7.98,1,830,0.847,0
LN102731,30,Salaried,12,Tier-2,104431,4070120,Personal,12,16.32,0,565,3.248,1
LN102732,36,Self-Employed,16,Tier-1,155578,3415210,Education,24,19.7,0,612,1.829,0
LN102733,53,Self-Employed,24,Metro,76362,1019451,Home,84,18.92,3,605,1.113,0
LN102734,41,Business Owner,14,Metro,50125,318588,Home,120,17.72,2,383,0.53,1
LN102735,62,Unemployed,7,Tier-2,106891,1306893,Medical,12,9.07,4,786,1.019,1
LN102736,61,Business Owner,17,Metro,150548,3063815,Vehicle,36,17.27,3,447,1.696,0
LN102737,31,Business Owner,20,Rural,126295,3179216,Business,84,15.11,4,542,2.098,0
LN102738,47,Salaried,6,Rural,193174,847322,Home,84,14.78,3,520,0.366,1
LN102739,35,Salaried,20,Rural,115516,2176077,Education,120,13.79,4,680,1.57,0
LN102740,52,Salaried,24,Tier-1,192281,1744489,Medical,84,21.56,0,340,0.756,0
LN102741,60,Business Owner,13,Metro,82656,1285028,Vehicle,84,14.87,0,336,1.296,0
LN102742,22,Unemployed,8,Metro,120159,4053407,Personal,120,15.98,4,518,2.811,0
LN102743,35,Salaried,29,Tier-1,145076,1029767,Medical,36,8.58,2,770,0.592,0
LN102744,63,Salaried,17,Tier-2,78994,2475254,Business,36,16.84,1,308,2.611,1
LN102745,43,Salaried,2,Rural,15971,1072573,Vehicle,60,7.01,0,860,5.596,0
LN102746,53,Self-Employed,19,Tier-2,141866,4645772,Business,24,9.59,0,867,2.729,0
LN102747,24,Salaried,8,Metro,108317,3917227,Personal,24,10.67,4,720,3.014,1
LN102748,57,Salaried,12,Tier-1,38197,2028195,Personal,12,15.52,0,344,4.425,0
LN102749,56,Business Owner,15,Metro,49154,2576828,Business,24,19.77,3,606,4.369,1
LN102750,55,Salaried,2,Tier-1,133657,4487421,Business,60,7.88,0,809,2.798,0
LN102751,53,Unemployed,14,Metro,19951,3741059,Home,84,9.46,2,821,15.626,0
LN102752,26,Salaried,16,Tier-1,181553,4422381,Business,36,15.62,2,527,2.03,0
LN102753,54,Salaried,14,Rural,192526,1704052,Education,36,7.54,3,793,0.738,0
LN102754,26,Salaried,4,Tier-1,52962,439620,Business,60,14.22,2,603,0.692,0
LN102755,36,Salaried,19,Tier-2,23736,4148860,Medical,84,9.37,3,892,14.566,0
LN102756,22,Self-Employed,1,Rural,123882,3618431,Medical,84,12.45,1,679,2.434,0
LN102757,28,Self-Employed,9,Tier-2,168945,622505,Vehicle,120,18.23,0,522,0.307,0
LN102758,35,Salaried,1,Tier-1,177836,3633935,Vehicle,24,20.82,4,621,1.703,0
LN102759,41,Self-Employed,10,Tier-2,65490,574727,Medical,60,7.65,4,896,0.731,0
LN102760,23,Self-Employed,20,Rural,112941,2274099,Vehicle,84,15.25,0,627,1.678,0
LN102761,33,Self-Employed,21,Tier-2,20389,2529875,Home,24,21.36,1,441,10.34,1
LN102762,62,Salaried,9,Tier-1,47663,2453833,Vehicle,24,16.34,4,366,4.29,0
LN102763,30,Salaried,7,Tier-1,16924,2498586,Medical,12,8.3,3,899,12.303,1
LN102764,43,Salaried,0,Metro,147323,2645657,Home,60,20.98,1,589,1.497,0
LN102765,55,Salaried,22,Rural,85294,4294235,Education,48,7.76,4,806,4.196,1
LN102766,33,Self-Employed,9,Tier-2,113997,4116567,Education,24,11.86,2,681,3.009,0
LN102767,57,Self-Employed,23,Tier-1,34814,3689107,Vehicle,12,17.57,0,504,8.831,0
LN102768,43,Self-Employed,19,Tier-2,183569,1534398,Medical,12,17.79,1,432,0.697,0
LN102769,27,Unemployed,6,Metro,181355,2852830,Education,12,18.12,1,527,1.311,1
LN102770,45,Salaried,1,Rural,86112,2151541,Personal,84,9.84,3,833,2.082,0
LN102771,55,Self-Employed,13,Tier-1,73006,3336656,Business,36,8.49,2,844,3.809,0
LN102772,59,Salaried,4,Metro,171581,3979901,Home,24,14.97,2,325,1.933,1
LN102773,38,Salaried,21,Tier-2,93649,3761772,Business,84,8.67,1,865,3.347,1
LN102774,54,Business Owner,16,Tier-2,162696,1088988,Vehicle,48,11.98,2,652,0.558,0
LN102775,62,Business Owner,24,Tier-2,188472,4305162,Home,24,21.65,4,422,1.904,0
LN102776,53,Salaried,4,Rural,150689,2403356,Personal,48,9.77,1,753,1.329,0
LN102777,63,Salaried,8,Rural,62401,4119811,Education,24,17.29,3,627,5.502,1
LN102778,32,Business Owner,3,Tier-1,39718,1023316,Home,36,21.38,1,331,2.147,0
LN102779,61,Self-Employed,11,Metro,23342,1421424,Medical,48,17.19,4,487,5.075,0
LN102780,31,Self-Employed,29,Metro,57102,674234,Medical,48,9.03,0,779,0.984,0
LN102781,50,Salaried,17,Tier-1,152093,4063011,Medical,120,9.47,1,787,2.226,0
LN102782,22,Salaried,24,Tier-2,47113,2484682,Medical,60,13.98,1,677,4.395,0
LN102783,47,Self-Employed,19,Tier-1,188394,1322126,Personal,84,7.3,4,823,0.585,0
LN102784,62,Salaried,10,Rural,78324,3055000,Vehicle,120,15.78,3,523,3.25,1
LN102785,43,Business Owner,20,Tier-2,20241,4930317,Education,84,17.83,1,639,20.298,0
LN102786,43,Self-Employed,23,Tier-1,78372,740597,Home,24,8.9,2,834,0.787,0
LN102787,53,Self-Employed,5,Tier-2,60775,3929187,Home,48,12.45,2,716,5.388,0
LN102788,21,Self-Employed,27,Tier-1,62597,3589305,Education,48,17.5,0,417,4.778,1
LN102789,47,Salaried,23,Rural,24968,1147361,Vehicle,84,7.36,1,893,3.829,0
LN102790,24,Self-Employed,17,Rural,66039,2954328,Home,12,19.35,4,517,3.728,0
LN102791,25,Salaried,26,Tier-1,174175,2860000,Home,12,15.55,4,624,1.368,0
LN102792,35,Business Owner,23,Tier-2,147360,2951229,Medical,84,15.9,0,375,1.669,1
LN102793,29,Salaried,28,Tier-1,195796,2406755,Home,24,7.51,3,760,1.024,1
LN102794,52,Salaried,20,Tier-1,99585,2791774,Home,84,20.52,3,371,2.336,0
LN102795,57,Salaried,26,Rural,69308,67876,Business,36,7.16,3,775,0.082,0
LN102796,31,Salaried,16,Tier-2,44122,968011,Personal,60,21.79,2,349,1.828,1
LN102797,23,Salaried,27,Metro,187488,1823363,Education,120,17.82,0,388,0.81,1
LN102798,30,Salaried,14,Metro,35838,156866,Vehicle,84,20.44,2,324,0.365,0
LN102799,22,Salaried,26,Tier-1,34758,401561,Business,24,12.63,2,663,0.963,0
LN102800,23,Salaried,23,Rural,69676,2327538,Medical,12,8.65,0,854,2.784,0
LN102801,37,Self-Employed,9,Tier-1,122007,3340763,Home,120,20.05,2,379,2.282,1
LN102802,60,Self-Employed,25,Tier-2,51736,2514419,Business,12,9.36,2,822,4.05,0
LN102803,40,Business Owner,17,Rural,71110,4183009,Vehicle,48,17.29,2,390,4.902,0
LN102804,58,Self-Employed,13,Tier-2,48608,2610852,Vehicle,48,20.22,1,595,4.476,1
LN102805,52,Salaried,15,Rural,73195,3245175,Education,36,10.36,0,700,3.695,0
LN102806,32,Salaried,12,Tier-1,190797,4348678,Business,36,9.82,4,824,1.899,1
LN102807,27,Business Owner,24,Metro,187367,2077753,Personal,84,20.62,1,574,0.924,1
LN102808,36,Salaried,29,Rural,156625,276023,Home,48,10.22,0,699,0.147,1
LN102809,25,Business Owner,13,Metro,176089,2487001,Education,36,7.58,3,850,1.177,0
LN102810,34,Self-Employed,24,Tier-2,128712,2174300,Vehicle,36,7.41,4,837,1.408,1
LN102811,59,Self-Employed,1,Tier-2,156378,3072753,Home,24,20.42,1,604,1.637,0
LN102812,40,Business Owner,21,Tier-2,17744,665404,Vehicle,60,16.02,0,483,3.125,0
LN102813,62,Unemployed,28,Tier-2,19527,3043720,Medical,60,8.83,3,879,12.989,1
LN102814,54,Salaried,22,Tier-1,186915,4851153,Business,48,7.49,4,850,2.163,0
LN102815,48,Salaried,8,Tier-2,40702,3825884,Personal,120,7.01,1,763,7.833,0
LN102816,21,Business Owner,11,Rural,132616,1277165,Vehicle,84,13.53,3,714,0.803,1
LN102817,46,Salaried,19,Metro,44000,4189040,Vehicle,36,14.09,3,444,7.934,1
LN102818,44,Self-Employed,18,Metro,20331,1804142,Personal,84,18.37,3,480,7.395,1
LN102819,24,Salaried,11,Metro,83158,762108,Education,84,16.49,1,437,0.764,0
LN102820,29,Salaried,25,Rural,130422,636097,Vehicle,36,7.48,2,849,0.406,0
LN102821,55,Salaried,2,Tier-1,173738,1045993,Vehicle,60,12.2,0,671,0.502,0
LN102822,29,Salaried,10,Metro,35725,412824,Education,24,21.51,4,633,0.963,1
LN102823,44,Business Owner,23,Tier-2,76701,4405450,Medical,24,8.01,0,867,4.786,0
LN102824,60,Salaried,29,Metro,136462,2498344,Personal,36,15.64,2,627,1.526,0
LN102825,33,Business Owner,5,Tier-1,87547,1406578,Business,36,16.52,3,614,1.339,0
LN102826,61,Salaried,22,Tier-1,31360,2867415,Vehicle,12,7.06,4,897,7.62,1
LN102827,61,Salaried,23,Tier-2,187460,1975744,Medical,60,9.01,3,783,0.878,0
LN102828,48,Salaried,15,Tier-1,49218,3922843,Business,12,12.83,2,666,6.642,0
LN102829,50,Salaried,9,Rural,15888,4602328,Medical,36,10.62,2,723,24.139,0
LN102830,34,Business Owner,3,Tier-1,156152,587201,Vehicle,48,16.94,3,587,0.313,1
LN102831,59,Salaried,0,Tier-2,66226,3097195,Medical,120,13.97,4,652,3.897,1
LN102832,26,Self-Employed,6,Tier-2,61519,3217433,Personal,36,17.94,3,560,4.358,1
LN102833,50,Self-Employed,11,Tier-2,69556,4473488,Vehicle,120,15.02,0,518,5.36,1
LN102834,59,Salaried,14,Tier-2,80794,3884469,Education,120,16.63,4,517,4.007,0
LN102835,49,Salaried,6,Tier-2,151833,1479411,Business,24,8.66,0,779,0.812,0
LN102836,43,Salaried,18,Metro,28003,3083951,Medical,12,12.25,0,734,9.177,0
LN102837,36,Self-Employed,28,Metro,179392,3168883,Vehicle,84,15.24,1,342,1.472,1
LN102838,56,Salaried,2,Tier-1,104545,3103431,Home,12,9.56,4,751,2.474,0
LN102839,23,Salaried,23,Metro,50964,4490835,Education,24,13.94,4,746,7.343,0
LN102840,41,Business Owner,5,Tier-1,49016,4122342,Education,84,7.47,4,862,7.008,0
LN102841,51,Salaried,25,Tier-1,92455,659687,Education,84,20.12,3,383,0.595,0
LN102842,40,Salaried,3,Tier-1,71824,3497335,Home,24,18.07,4,582,4.058,0
LN102843,52,Salaried,26,Metro,179581,2614617,Home,120,15.66,4,300,1.213,1
LN102844,64,Salaried,15,Metro,68307,166779,Personal,84,7.79,0,794,0.203,0
LN102845,27,Salaried,20,Tier-1,80650,1882425,Medical,60,15.29,2,469,1.945,0
LN102846,27,Salaried,22,Rural,106861,2527954,Personal,120,13.88,0,705,1.971,0
LN102847,56,Self-Employed,4,Metro,50120,3049595,Education,120,13.88,1,708,5.07,0
LN102848,58,Unemployed,16,Tier-2,121770,4547805,Home,120,11.88,3,671,3.112,1
LN102849,41,Self-Employed,22,Tier-1,73117,3938579,Home,24,20.92,2,391,4.489,1
LN102850,38,Salaried,10,Tier-2,113141,2911767,Personal,48,18.69,4,613,2.145,1
LN102851,46,Salaried,13,Rural,66369,926913,Education,84,14.95,0,463,1.164,1
LN102852,30,Self-Employed,12,Tier-2,149741,3091407,Personal,12,15.52,0,429,1.72,1
LN102853,56,Business Owner,21,Tier-1,88855,1425453,Personal,36,14.06,1,469,1.337,0
LN102854,45,Salaried,14,Metro,62188,2029080,Business,84,14.04,0,595,2.719,0
LN102855,26,Salaried,11,Metro,15332,4593352,Home,36,8.53,0,834,24.966,1
LN102856,41,Salaried,27,Tier-1,59808,633674,Medical,60,17.65,2,503,0.883,0
LN102857,38,Salaried,26,Tier-2,180744,2936224,Home,60,8.61,3,871,1.354,0
LN102858,32,Salaried,22,Tier-2,174778,2095199,Medical,120,12.07,0,737,0.999,0
LN102859,60,Salaried,16,Metro,117026,4008355,Business,12,7.29,1,778,2.854,0
LN102860,34,Self-Employed,26,Metro,49732,2180555,Education,24,14.52,1,326,3.654,0
LN102861,22,Unemployed,11,Metro,28793,1410323,Education,24,8.72,1,792,4.082,1
LN102862,28,Self-Employed,18,Tier-1,192113,837563,Education,12,7.18,1,753,0.363,0
LN102863,45,Business Owner,3,Rural,100314,180184,Medical,24,10.47,0,716,0.15,0
LN102864,27,Salaried,27,Metro,158836,1590711,Education,12,18.12,0,324,0.835,1
LN102865,58,Salaried,10,Metro,191895,818820,Vehicle,24,8.4,2,823,0.356,0
LN102866,56,Self-Employed,14,Tier-1,100790,4170664,Vehicle,84,11.0,2,674,3.448,0
LN102867,29,Salaried,28,Tier-2,57533,250146,Medical,36,9.01,4,888,0.362,0
LN102868,39,Self-Employed,2,Rural,49246,1405754,Education,36,14.02,2,400,2.379,1
LN102869,31,Salaried,20,Tier-1,108342,220057,Business,120,21.52,1,556,0.169,0
LN102870,54,Unemployed,14,Tier-1,137568,1699541,Vehicle,120,11.65,0,718,1.03,1
LN102871,49,Self-Employed,3,Tier-2,124212,3716318,Home,24,14.41,4,333,2.493,1
LN102872,42,Salaried,28,Tier-1,173245,4070625,Vehicle,36,10.13,2,660,1.958,0
LN102873,24,Self-Employed,14,Rural,90061,1155537,Home,84,17.58,4,377,1.069,0
LN102874,54,Salaried,8,Tier-1,47933,4186019,Home,48,17.59,0,311,7.278,1
LN102875,61,Salaried,12,Metro,84111,4847390,Vehicle,24,10.77,0,662,4.803,0
LN102876,43,Salaried,1,Tier-1,185330,4335648,Medical,84,18.31,2,345,1.95,0
LN102877,46,Self-Employed,19,Rural,150388,1182650,Business,12,13.1,4,661,0.655,0
LN102878,24,Unemployed,13,Tier-2,185628,919956,Vehicle,84,18.98,3,437,0.413,1
LN102879,56,Self-Employed,4,Tier-2,35982,1035409,Home,48,16.05,1,574,2.398,1
LN102880,33,Salaried,9,Tier-1,120760,3592882,Vehicle,84,8.6,1,876,2.479,0
LN102881,48,Self-Employed,22,Metro,141170,3754429,Education,60,15.78,4,585,2.216,1
LN102882,43,Salaried,29,Metro,88531,3498445,Business,84,7.39,2,769,3.293,1
LN102883,39,Salaried,18,Tier-1,102353,2443655,Business,12,8.3,2,849,1.99,0
LN102884,45,Salaried,21,Tier-1,128623,3930927,Home,84,11.86,0,702,2.547,0
LN102885,37,Salaried,15,Tier-1,68112,2027866,Home,24,11.92,4,749,2.481,0
LN102886,25,Salaried,8,Tier-1,76680,3509493,Business,120,20.12,1,529,3.814,1
LN102887,62,Salaried,16,Tier-2,144189,515507,Personal,24,17.5,1,334,0.298,1
LN102888,23,Salaried,5,Metro,83483,649356,Medical,36,7.31,4,820,0.648,0
LN102889,56,Business Owner,2,Metro,58298,4430941,Business,120,7.86,0,893,6.334,0
LN102890,53,Salaried,14,Tier-1,56691,4685171,Medical,12,16.13,3,502,6.887,1
LN102891,56,Salaried,16,Tier-2,96405,948889,Personal,120,20.04,0,615,0.82,0
LN102892,43,Self-Employed,8,Metro,86278,272428,Medical,24,15.65,4,480,0.263,1
LN102893,35,Salaried,13,Metro,161555,2540891,Vehicle,36,15.94,1,547,1.311,0
LN102894,42,Salaried,13,Tier-1,173194,1583035,Home,120,9.85,2,771,0.762,0
LN102895,28,Salaried,10,Tier-2,95864,132883,Education,60,20.69,4,446,0.116,0
LN102896,57,Salaried,21,Metro,107050,3917849,Education,84,12.38,1,650,3.05,0
LN102897,58,Self-Employed,11,Tier-2,54855,4058101,Personal,60,7.32,3,899,6.165,0
LN102898,42,Salaried,5,Tier-2,64112,636018,Education,84,15.66,0,453,0.827,1
LN102899,22,Salaried,1,Metro,123420,2105808,Home,36,21.33,4,417,1.422,1
LN102900,25,Self-Employed,25,Tier-1,45158,3272034,Education,48,16.56,3,320,6.038,1
LN102901,35,Salaried,21,Tier-2,31835,4836013,Medical,48,20.09,1,362,12.659,1
LN102902,31,Self-Employed,0,Tier-1,83533,4626820,Vehicle,24,7.94,4,814,4.616,0
LN102903,25,Salaried,5,Metro,155256,2147348,Education,24,16.37,3,522,1.153,1
LN102904,61,Self-Employed,21,Metro,133872,3920657,Vehicle,36,18.75,3,629,2.441,0
LN102905,40,Business Owner,23,Tier-1,67680,852519,Education,120,18.7,1,415,1.05,0
LN102906,48,Self-Employed,14,Tier-1,171926,1526692,Personal,60,8.99,3,846,0.74,0
LN102907,45,Business Owner,4,Metro,186773,3488192,Personal,120,19.8,0,474,1.556,0
LN102908,56,Salaried,14,Metro,15620,4767361,Business,120,16.16,1,629,25.434,1
LN102909,63,Salaried,21,Metro,52083,3882087,Home,48,20.82,2,374,6.211,1
LN102910,24,Salaried,20,Tier-1,153359,3423074,Vehicle,60,9.47,1,767,1.86,0
LN102911,44,Salaried,11,Tier-2,199052,247263,Home,48,10.39,3,675,0.104,0
LN102912,61,Salaried,10,Tier-1,133345,3775239,Home,84,18.86,3,608,2.359,1
LN102913,44,Self-Employed,15,Metro,112591,96962,Business,36,21.21,1,445,0.072,0
LN102914,44,Self-Employed,20,Metro,98883,372094,Business,60,7.87,2,822,0.314,1
LN102915,61,Salaried,21,Tier-1,54075,4332390,Medical,12,19.37,4,339,6.677,1
LN102916,46,Self-Employed,16,Tier-1,34999,991010,Vehicle,120,15.19,3,500,2.36,1
LN102917,35,Unemployed,14,Metro,115223,2945606,Business,120,15.42,0,537,2.13,1
LN102918,32,Salaried,13,Metro,53108,3293671,Vehicle,120,17.86,4,542,5.168,1
LN102919,23,Self-Employed,10,Tier-2,186107,97026,Personal,36,7.69,2,865,0.043,1
LN102920,33,Salaried,26,Rural,92707,3988920,Medical,84,9.09,4,817,3.586,0
LN102921,26,Salaried,25,Tier-1,142335,1423191,Vehicle,48,14.47,2,430,0.833,1
LN102922,38,Salaried,4,Metro,18453,2141662,Medical,60,19.14,1,518,9.672,1
LN102923,38,Business Owner,16,Tier-2,172451,804075,Business,36,14.97,4,496,0.389,1
LN102924,59,Salaried,5,Tier-2,34298,1387391,Home,24,16.4,2,320,3.371,1
LN102925,55,Salaried,26,Metro,167201,4199093,Medical,36,10.79,2,682,2.093,0
LN102926,57,Salaried,26,Tier-2,180331,815485,Business,84,14.41,2,634,0.377,0
LN102927,37,Business Owner,14,Rural,40842,4001034,Education,48,9.17,4,864,8.164,1
LN102928,30,Salaried,19,Tier-2,150670,3709274,Medical,36,17.73,4,413,2.052,0
LN102929,37,Self-Employed,13,Tier-1,81798,4113000,Vehicle,36,9.43,1,871,4.19,1
LN102930,21,Salaried,6,Metro,157907,2186693,Business,60,8.73,0,796,1.154,0
LN102931,33,Salaried,8,Tier-2,74287,468730,Vehicle,24,20.77,4,445,0.526,1
LN102932,62,Self-Employed,14,Rural,78665,1376819,Medical,36,10.83,3,741,1.459,1
LN102933,25,Salaried,9,Tier-2,80229,4532751,Personal,120,13.8,4,690,4.708,0
LN102934,35,Self-Employed,11,Rural,27123,2394397,Business,36,17.72,3,346,7.357,1
LN102935,47,Business Owner,22,Tier-1,165649,3168726,Business,36,20.73,0,617,1.594,0
LN102936,42,Self-Employed,28,Tier-2,26781,4508935,Personal,36,16.46,1,473,14.03,0
LN102937,59,Self-Employed,10,Tier-1,170412,2434985,Vehicle,60,20.22,0,539,1.191,0
LN102938,23,Salaried,28,Tier-1,132116,3423407,Personal,36,14.0,0,554,2.159,0
LN102939,38,Salaried,12,Tier-1,98226,4656569,Education,12,12.52,1,742,3.951,0
LN102940,44,Salaried,19,Tier-2,180773,3154551,Home,84,8.41,4,795,1.454,1
LN102941,26,Salaried,25,Tier-2,97597,2751750,Medical,36,13.31,3,661,2.35,1
LN102942,53,Salaried,26,Metro,157344,1112234,Medical,48,19.99,1,377,0.589,1
LN102943,25,Business Owner,8,Tier-1,143994,2154246,Medical,84,16.22,4,647,1.247,0
LN102944,29,Self-Employed,5,Tier-1,86130,3703448,Education,60,14.57,2,357,3.583,1
LN102945,36,Salaried,4,Tier-2,188122,1283425,Personal,48,11.33,1,668,0.569,0
LN102946,23,Salaried,17,Rural,133736,2145130,Vehicle,48,7.72,4,823,1.337,0
LN102947,53,Salaried,6,Metro,99427,4327716,Business,12,19.69,1,551,3.627,0
LN102948,63,Salaried,12,Rural,193402,157480,Medical,60,15.53,0,314,0.068,1
LN102949,30,Salaried,26,Metro,128278,2656219,Medical,36,7.82,3,866,1.726,0
LN102950,27,Salaried,20,Tier-1,79209,3502484,Personal,36,8.81,4,865,3.685,0
LN102951,37,Salaried,16,Tier-2,150321,3774195,Home,12,19.07,1,456,2.092,0
LN102952,44,Salaried,26,Metro,148157,3551644,Business,36,17.64,3,629,1.998,0
LN102953,56,Self-Employed,25,Metro,175594,494504,Vehicle,48,20.22,4,340,0.235,1
LN102954,43,Salaried,3,Tier-1,62359,505298,Business,48,15.86,3,465,0.675,1
LN102955,51,Salaried,14,Metro,53883,4894181,Business,48,20.5,2,335,7.569,1
LN102956,34,Salaried,6,Rural,173799,1255534,Business,84,20.18,0,604,0.602,0
LN102957,48,Salaried,25,Tier-1,114844,4597288,Education,48,20.35,0,541,3.336,0
LN102958,40,Salaried,14,Metro,72675,2366485,Home,84,16.15,1,301,2.714,1
LN102959,33,Salaried,16,Metro,76424,3076079,Personal,24,19.1,0,513,3.354,0
LN102960,23,Salaried,25,Metro,52819,490324,Medical,48,12.44,3,672,0.774,0
LN102961,42,Self-Employed,27,Tier-2,84194,2649701,Business,24,9.64,0,859,2.623,0
LN102962,59,Business Owner,1,Tier-1,43579,1776495,Medical,48,7.82,1,826,3.397,0
LN102963,54,Salaried,0,Metro,140026,4746425,Vehicle,12,16.34,4,315,2.825,0
LN102964,51,Self-Employed,18,Metro,133226,571963,Business,36,10.41,1,735,0.358,0
LN102965,53,Self-Employed,19,Tier-2,196232,1471796,Vehicle,12,14.87,1,575,0.625,0
LN102966,36,Salaried,15,Rural,168772,2918956,Personal,12,15.92,2,370,1.441,1
LN102967,64,Business Owner,23,Tier-1,74341,185347,Business,60,8.68,3,880,0.208,0
LN102968,23,Self-Employed,6,Tier-2,61978,3744687,Vehicle,36,10.94,0,707,5.035,0
LN102969,62,Salaried,6,Metro,48221,4776929,Medical,48,14.22,2,330,8.255,1
LN102970,41,Salaried,21,Tier-1,35563,2137825,Medical,24,17.04,1,513,5.009,0
LN102971,40,Self-Employed,20,Tier-2,61987,3013306,Home,60,20.57,4,569,4.051,0
LN102972,26,Salaried,7,Rural,121287,1632427,Medical,60,16.16,1,456,1.122,0
LN102973,41,Salaried,17,Metro,156171,3834997,Business,48,19.84,0,402,2.046,1
LN102974,57,Salaried,28,Rural,137687,2383320,Medical,48,18.34,2,373,1.442,1
LN102975,41,Self-Employed,6,Metro,128858,2330910,Medical,36,21.43,0,401,1.507,1
LN102976,33,Business Owner,18,Metro,183385,467649,Personal,60,12.18,1,724,0.213,0
LN102977,38,Salaried,17,Tier-1,84678,2582034,Education,12,7.4,0,899,2.541,0
LN102978,54,Self-Employed,19,Tier-1,193970,1713508,Medical,48,21.43,2,586,0.736,0
LN102979,59,Salaried,7,Metro,74866,2324051,Personal,12,9.41,3,856,2.587,0
LN102980,61,Self-Employed,23,Tier-1,103881,79350,Home,36,20.77,2,331,0.064,1
LN102981,38,Salaried,7,Tier-2,91370,4355038,Education,48,14.5,0,378,3.972,1
LN102982,50,Salaried,28,Tier-1,122336,4765237,Medical,24,15.98,3,461,3.246,1
LN102983,56,Salaried,18,Tier-1,190145,3535143,Education,36,9.9,2,819,1.549,0
LN102984,49,Self-Employed,2,Tier-1,194533,2756573,Vehicle,84,12.33,0,677,1.181,0
LN102985,47,Self-Employed,15,Tier-1,125521,498093,Personal,120,10.53,2,679,0.331,1
LN102986,60,Salaried,4,Rural,146564,3366150,Business,36,14.8,3,321,1.914,1
LN102987,44,Self-Employed,2,Rural,22385,3978193,Medical,24,18.13,3,363,14.81,1
LN102988,47,Salaried,27,Rural,120407,1231049,Business,12,13.61,0,719,0.852,0
LN102989,32,Salaried,22,Tier-2,96125,2816580,Business,24,8.64,1,774,2.442,0
LN102990,45,Business Owner,16,Tier-1,98090,4040192,Education,36,9.53,3,779,3.432,0
LN102991,38,Salaried,12,Tier-1,135474,4355776,Personal,60,17.78,0,319,2.679,0
LN102992,30,Self-Employed,8,Metro,116032,494877,Home,84,20.54,0,630,0.355,0
LN102993,59,Self-Employed,0,Tier-1,58312,3187549,Medical,120,8.94,2,774,4.555,1
LN102994,25,Self-Employed,9,Metro,142277,2665986,Medical,12,13.48,2,711,1.561,0
LN102995,27,Self-Employed,6,Rural,195409,2963614,Vehicle,12,14.36,1,623,1.264,0
LN102996,32,Salaried,21,Metro,37303,4385347,Home,36,8.28,0,899,9.797,0
LN102997,27,Salaried,12,Tier-2,128729,317679,Business,60,21.01,4,547,0.206,1
LN102998,33,Business Owner,27,Tier-2,175911,1307863,Vehicle,12,10.5,2,711,0.62,1
LN102999,61,Salaried,13,Tier-2,158764,1006067,Medical,48,20.27,2,389,0.528,1
LN103000,37,Self-Employed,28,Tier-2,20839,3744635,Vehicle,36,8.15,4,782,14.974,1
